scenario_id,category,system_name,scale_size,grounded_correct,supported,unsupported,contradiction,hallucination,false_certainty,correct_abstention,source_ok,latency_ms,input_tokens,deterministic,llm_avoided,validation_fail,fallback,false_premise,entity_isol,temporal_gap
sc_42_0001_current_state,CURRENT_STATE,baseline,2,False,False,True,True,False,False,False,False,0.01,85,False,False,False,False,False,False,False
sc_42_0001_current_state,CURRENT_STATE,full_context,2,False,False,True,True,True,True,False,False,0.07,168,False,False,False,False,False,False,False
sc_42_0001_current_state,CURRENT_STATE,naive_retrieval,2,False,False,True,True,True,True,False,False,0.20,169,False,False,False,False,False,False,False
sc_42_0001_current_state,CURRENT_STATE,raymember,2,False,False,True,True,True,True,False,False,144.76,216,False,False,False,False,False,False,False
sc_42_0001_current_state,CURRENT_STATE,raymember_grounded,2,False,False,True,True,True,True,False,True,114.93,13,True,True,False,False,False,False,False
sc_42_0002_conflict_resolution,CONFLICT_RESOLUTION,baseline,2,False,False,True,True,False,False,False,False,0.01,93,False,False,False,False,False,False,False
sc_42_0002_conflict_resolution,CONFLICT_RESOLUTION,full_context,2,True,True,False,False,False,False,False,True,0.23,182,False,False,False,False,False,False,False
sc_42_0002_conflict_resolution,CONFLICT_RESOLUTION,naive_retrieval,2,True,True,False,False,False,False,False,True,0.22,183,False,False,False,False,False,False,False
sc_42_0002_conflict_resolution,CONFLICT_RESOLUTION,raymember,2,True,True,False,False,False,False,False,True,106.56,275,False,False,False,False,False,False,False
sc_42_0002_conflict_resolution,CONFLICT_RESOLUTION,raymember_grounded,2,True,True,False,False,False,False,False,True,119.39,21,True,True,False,False,False,False,False
sc_42_0003_temporal_reasoning,TEMPORAL_REASONING,baseline,3,False,False,True,True,False,False,False,True,0.01,88,False,False,False,False,False,False,False
sc_42_0003_temporal_reasoning,TEMPORAL_REASONING,full_context,3,True,True,False,False,False,False,False,True,0.05,211,False,False,False,False,False,False,False
sc_42_0003_temporal_reasoning,TEMPORAL_REASONING,naive_retrieval,3,True,True,False,False,False,False,False,True,0.11,212,False,False,False,False,False,False,False
sc_42_0003_temporal_reasoning,TEMPORAL_REASONING,raymember,3,True,True,False,False,False,False,False,True,127.33,256,False,False,False,False,False,False,False
sc_42_0003_temporal_reasoning,TEMPORAL_REASONING,raymember_grounded,3,False,False,True,True,True,True,False,True,127.07,17,True,True,False,False,False,False,False
sc_42_0004_distractor_resistance,DISTRACTOR_RESISTANCE,baseline,500,False,False,True,True,False,False,False,False,0.01,83,False,False,False,False,False,False,False
sc_42_0004_distractor_resistance,DISTRACTOR_RESISTANCE,full_context,500,True,True,False,False,False,False,False,False,2.34,18426,False,False,False,False,False,False,False
sc_42_0004_distractor_resistance,DISTRACTOR_RESISTANCE,naive_retrieval,500,True,True,False,False,False,False,False,False,6.08,279,False,False,False,False,False,False,False
sc_42_0004_distractor_resistance,DISTRACTOR_RESISTANCE,raymember,500,True,True,False,False,False,False,False,False,6255.05,216,False,False,False,False,False,False,False
sc_42_0004_distractor_resistance,DISTRACTOR_RESISTANCE,raymember_grounded,500,True,True,False,False,False,False,False,True,6674.29,12,True,True,False,False,False,False,False
sc_42_0005_cross_session_persistence,CROSS_SESSION_PERSISTENCE,baseline,1,False,False,True,True,False,False,False,False,0.01,90,False,False,False,False,False,False,False
sc_42_0005_cross_session_persistence,CROSS_SESSION_PERSISTENCE,full_context,1,False,False,True,True,False,True,False,False,0.06,136,False,False,False,False,False,False,False
sc_42_0005_cross_session_persistence,CROSS_SESSION_PERSISTENCE,naive_retrieval,1,False,False,True,True,False,True,False,False,0.08,137,False,False,False,False,False,False,False
sc_42_0005_cross_session_persistence,CROSS_SESSION_PERSISTENCE,raymember,1,False,False,True,True,False,True,False,False,149.36,197,False,False,False,False,False,False,False
sc_42_0005_cross_session_persistence,CROSS_SESSION_PERSISTENCE,raymember_grounded,1,False,False,True,True,True,True,False,True,152.36,18,True,True,False,False,False,False,False
sc_42_0006_missing_info,MISSING_INFO,baseline,1,True,True,False,False,False,False,True,True,0.01,89,False,False,False,False,False,False,False
sc_42_0006_missing_info,MISSING_INFO,full_context,1,False,False,True,False,True,True,False,True,0.05,134,False,False,False,False,False,False,False
sc_42_0006_missing_info,MISSING_INFO,naive_retrieval,1,False,False,True,False,True,True,False,True,0.06,135,False,False,False,False,False,False,False
sc_42_0006_missing_info,MISSING_INFO,raymember,1,False,False,True,False,True,True,False,True,93.15,194,False,False,False,False,False,False,False
sc_42_0006_missing_info,MISSING_INFO,raymember_grounded,1,True,True,False,False,False,False,True,True,140.67,18,True,True,False,False,False,False,False
sc_42_0007_contradictory_evidence,CONTRADICTORY_EVIDENCE,baseline,2,False,False,True,True,False,False,False,False,0.01,94,False,False,False,False,False,False,False
sc_42_0007_contradictory_evidence,CONTRADICTORY_EVIDENCE,full_context,2,False,False,True,True,True,True,False,True,0.12,180,False,False,False,False,False,False,False
sc_42_0007_contradictory_evidence,CONTRADICTORY_EVIDENCE,naive_retrieval,2,False,False,True,True,True,True,False,True,0.19,181,False,False,False,False,False,False,False
sc_42_0007_contradictory_evidence,CONTRADICTORY_EVIDENCE,raymember,2,False,False,True,True,True,True,False,True,139.59,241,False,False,False,False,False,False,False
sc_42_0007_contradictory_evidence,CONTRADICTORY_EVIDENCE,raymember_grounded,2,False,False,True,True,True,True,False,False,150.04,22,True,True,False,False,False,False,False
sc_42_0008_uncertain_evidence,UNCERTAIN_EVIDENCE,baseline,2,True,True,False,False,False,False,True,True,0.01,83,False,False,False,False,False,False,False
sc_42_0008_uncertain_evidence,UNCERTAIN_EVIDENCE,full_context,2,False,False,True,False,True,True,False,True,0.07,165,False,False,False,False,False,False,False
sc_42_0008_uncertain_evidence,UNCERTAIN_EVIDENCE,naive_retrieval,2,False,False,True,False,True,True,False,True,0.12,166,False,False,False,False,False,False,False
sc_42_0008_uncertain_evidence,UNCERTAIN_EVIDENCE,raymember,2,True,True,False,False,False,False,True,True,131.55,211,False,False,False,False,False,False,False
sc_42_0008_uncertain_evidence,UNCERTAIN_EVIDENCE,raymember_grounded,2,False,False,True,False,True,False,False,True,146.92,11,True,True,False,False,False,False,False
sc_42_0009_distractor_hallucination,DISTRACTOR_HALLUCINATION,baseline,500,True,True,False,False,False,False,True,True,0.01,90,False,False,False,False,False,False,False
sc_42_0009_distractor_hallucination,DISTRACTOR_HALLUCINATION,full_context,500,False,False,True,False,True,True,False,True,4.77,23587,False,False,False,False,False,False,False
sc_42_0009_distractor_hallucination,DISTRACTOR_HALLUCINATION,naive_retrieval,500,False,False,True,False,True,True,False,True,13.77,323,False,False,False,False,False,False,False
sc_42_0009_distractor_hallucination,DISTRACTOR_HALLUCINATION,raymember,500,True,True,False,False,False,False,True,True,7229.03,193,False,False,False,False,False,False,False
sc_42_0009_distractor_hallucination,DISTRACTOR_HALLUCINATION,raymember_grounded,500,True,True,False,False,False,False,True,True,6684.72,18,True,True,False,False,False,False,False
sc_42_0010_temporal_hallucination,TEMPORAL_HALLUCINATION,baseline,1,True,True,False,False,False,False,True,True,0.05,92,False,False,False,False,False,False,False
sc_42_0010_temporal_hallucination,TEMPORAL_HALLUCINATION,full_context,1,False,False,True,False,True,True,False,True,0.04,138,False,False,False,False,False,False,False
sc_42_0010_temporal_hallucination,TEMPORAL_HALLUCINATION,naive_retrieval,1,False,False,True,False,True,True,False,True,0.06,139,False,False,False,False,False,False,False
sc_42_0010_temporal_hallucination,TEMPORAL_HALLUCINATION,raymember,1,False,False,True,False,True,True,False,True,76.77,202,False,False,False,False,False,False,False
sc_42_0010_temporal_hallucination,TEMPORAL_HALLUCINATION,raymember_grounded,1,True,True,False,False,False,False,True,True,101.14,21,True,True,False,False,False,False,True
sc_42_0011_entity_confusion,ENTITY_CONFUSION,baseline,2,False,False,True,True,False,False,False,False,0.01,83,False,False,False,False,False,False,False
sc_42_0011_entity_confusion,ENTITY_CONFUSION,full_context,2,True,True,False,False,False,False,False,False,0.04,166,False,False,False,False,False,True,False
sc_42_0011_entity_confusion,ENTITY_CONFUSION,naive_retrieval,2,True,True,False,False,False,False,False,False,0.07,167,False,False,False,False,False,True,False
sc_42_0011_entity_confusion,ENTITY_CONFUSION,raymember,2,True,True,False,False,False,False,False,False,94.55,182,False,False,False,False,False,True,False
sc_42_0011_entity_confusion,ENTITY_CONFUSION,raymember_grounded,2,True,True,False,False,False,False,False,True,112.68,11,True,True,False,False,False,True,False
sc_42_0012_false_premise,FALSE_PREMISE,baseline,2,False,False,True,False,True,False,False,True,0.01,87,False,False,False,False,False,False,False
sc_42_0012_false_premise,FALSE_PREMISE,full_context,2,False,False,True,False,True,True,False,True,0.04,171,False,False,False,False,False,False,False
sc_42_0012_false_premise,FALSE_PREMISE,naive_retrieval,2,False,False,True,False,True,True,False,True,0.08,172,False,False,False,False,False,False,False
sc_42_0012_false_premise,FALSE_PREMISE,raymember,2,False,False,True,False,True,True,False,True,92.78,222,False,False,False,False,False,False,False
sc_42_0012_false_premise,FALSE_PREMISE,raymember_grounded,2,True,True,False,False,False,False,False,True,116.61,16,True,True,False,False,True,False,False
sc_42_0013_current_state,CURRENT_STATE,baseline,2,False,False,True,True,False,False,False,False,0.01,85,False,False,False,False,False,False,False
sc_42_0013_current_state,CURRENT_STATE,full_context,2,False,False,True,True,True,True,False,False,0.05,171,False,False,False,False,False,False,False
sc_42_0013_current_state,CURRENT_STATE,naive_retrieval,2,False,False,True,True,True,True,False,False,0.08,172,False,False,False,False,False,False,False
sc_42_0013_current_state,CURRENT_STATE,raymember,2,False,False,True,True,False,True,False,False,121.87,221,False,False,False,False,False,False,False
sc_42_0013_current_state,CURRENT_STATE,raymember_grounded,2,False,False,True,True,True,True,False,True,151.73,13,True,True,False,False,False,False,False
sc_42_0014_conflict_resolution,CONFLICT_RESOLUTION,baseline,2,False,False,True,True,False,False,False,False,0.01,93,False,False,False,False,False,False,False
sc_42_0014_conflict_resolution,CONFLICT_RESOLUTION,full_context,2,True,True,False,False,False,False,False,True,0.09,182,False,False,False,False,False,False,False
sc_42_0014_conflict_resolution,CONFLICT_RESOLUTION,naive_retrieval,2,True,True,False,False,False,False,False,True,0.13,183,False,False,False,False,False,False,False
sc_42_0014_conflict_resolution,CONFLICT_RESOLUTION,raymember,2,True,True,False,False,False,False,False,True,131.58,275,False,False,False,False,False,False,False
sc_42_0014_conflict_resolution,CONFLICT_RESOLUTION,raymember_grounded,2,True,True,False,False,False,False,False,True,131.44,21,True,True,False,False,False,False,False
sc_42_0015_temporal_reasoning,TEMPORAL_REASONING,baseline,3,False,False,True,True,False,False,False,True,0.01,87,False,False,False,False,False,False,False
sc_42_0015_temporal_reasoning,TEMPORAL_REASONING,full_context,3,True,True,False,False,False,False,False,True,0.07,207,False,False,False,False,False,False,False
sc_42_0015_temporal_reasoning,TEMPORAL_REASONING,naive_retrieval,3,True,True,False,False,False,False,False,True,0.15,208,False,False,False,False,False,False,False
sc_42_0015_temporal_reasoning,TEMPORAL_REASONING,raymember,3,True,True,False,False,False,False,False,True,114.49,250,False,False,False,False,False,False,False
sc_42_0015_temporal_reasoning,TEMPORAL_REASONING,raymember_grounded,3,False,False,True,True,True,True,False,True,121.76,16,True,True,False,False,False,False,False
sc_42_0016_distractor_resistance,DISTRACTOR_RESISTANCE,baseline,50,False,False,True,True,False,False,False,False,0.01,83,False,False,False,False,False,False,False
sc_42_0016_distractor_resistance,DISTRACTOR_RESISTANCE,full_context,50,True,True,False,False,False,False,False,False,0.26,1966,False,False,False,False,False,False,False
sc_42_0016_distractor_resistance,DISTRACTOR_RESISTANCE,naive_retrieval,50,True,True,False,False,False,False,False,False,0.69,279,False,False,False,False,False,False,False
sc_42_0016_distractor_resistance,DISTRACTOR_RESISTANCE,raymember,50,True,True,False,False,False,False,False,False,606.18,216,False,False,False,False,False,False,False
sc_42_0016_distractor_resistance,DISTRACTOR_RESISTANCE,raymember_grounded,50,True,True,False,False,False,False,False,True,586.88,12,True,True,False,False,False,False,False
sc_42_0017_cross_session_persistence,CROSS_SESSION_PERSISTENCE,baseline,1,False,False,True,True,False,False,False,False,0.01,90,False,False,False,False,False,False,False
sc_42_0017_cross_session_persistence,CROSS_SESSION_PERSISTENCE,full_context,1,False,False,True,True,False,True,False,False,0.04,136,False,False,False,False,False,False,False
sc_42_0017_cross_session_persistence,CROSS_SESSION_PERSISTENCE,naive_retrieval,1,False,False,True,True,False,True,False,False,0.06,137,False,False,False,False,False,False,False
sc_42_0017_cross_session_persistence,CROSS_SESSION_PERSISTENCE,raymember,1,False,False,True,True,False,True,False,False,116.62,197,False,False,False,False,False,False,False
sc_42_0017_cross_session_persistence,CROSS_SESSION_PERSISTENCE,raymember_grounded,1,False,False,True,True,True,True,False,True,146.87,18,True,True,False,False,False,False,False
sc_42_0018_missing_info,MISSING_INFO,baseline,1,True,True,False,False,False,False,True,True,0.01,89,False,False,False,False,False,False,False
sc_42_0018_missing_info,MISSING_INFO,full_context,1,False,False,True,False,True,True,False,True,0.06,134,False,False,False,False,False,False,False
sc_42_0018_missing_info,MISSING_INFO,naive_retrieval,1,False,False,True,False,True,True,False,True,0.10,135,False,False,False,False,False,False,False
sc_42_0018_missing_info,MISSING_INFO,raymember,1,False,False,True,False,True,True,False,True,117.72,194,False,False,False,False,False,False,False
sc_42_0018_missing_info,MISSING_INFO,raymember_grounded,1,True,True,False,False,False,False,True,True,131.29,18,True,True,False,False,False,False,False
sc_42_0019_contradictory_evidence,CONTRADICTORY_EVIDENCE,baseline,2,False,False,True,True,False,False,False,False,0.01,94,False,False,False,False,False,False,False
sc_42_0019_contradictory_evidence,CONTRADICTORY_EVIDENCE,full_context,2,False,False,True,True,True,True,False,True,0.09,180,False,False,False,False,False,False,False
sc_42_0019_contradictory_evidence,CONTRADICTORY_EVIDENCE,naive_retrieval,2,False,False,True,True,True,True,False,True,0.14,181,False,False,False,False,False,False,False
sc_42_0019_contradictory_evidence,CONTRADICTORY_EVIDENCE,raymember,2,False,False,True,True,True,True,False,True,103.44,241,False,False,False,False,False,False,False
sc_42_0019_contradictory_evidence,CONTRADICTORY_EVIDENCE,raymember_grounded,2,False,False,True,True,True,True,False,False,117.32,22,True,True,False,False,False,False,False
sc_42_0020_uncertain_evidence,UNCERTAIN_EVIDENCE,baseline,2,True,True,False,False,False,False,True,True,0.01,83,False,False,False,False,False,False,False
sc_42_0020_uncertain_evidence,UNCERTAIN_EVIDENCE,full_context,2,False,False,True,False,True,True,False,True,0.07,165,False,False,False,False,False,False,False
sc_42_0020_uncertain_evidence,UNCERTAIN_EVIDENCE,naive_retrieval,2,False,False,True,False,True,True,False,True,0.13,166,False,False,False,False,False,False,False
sc_42_0020_uncertain_evidence,UNCERTAIN_EVIDENCE,raymember,2,True,True,False,False,False,False,True,True,115.59,211,False,False,False,False,False,False,False
sc_42_0020_uncertain_evidence,UNCERTAIN_EVIDENCE,raymember_grounded,2,False,False,True,False,True,False,False,True,125.91,11,True,True,False,False,False,False,False
sc_42_0021_distractor_hallucination,DISTRACTOR_HALLUCINATION,baseline,50,True,True,False,False,False,False,True,True,0.01,90,False,False,False,False,False,False,False
sc_42_0021_distractor_hallucination,DISTRACTOR_HALLUCINATION,full_context,50,False,False,True,False,True,True,False,True,0.47,2437,False,False,False,False,False,False,False
sc_42_0021_distractor_hallucination,DISTRACTOR_HALLUCINATION,naive_retrieval,50,False,False,True,False,True,True,False,True,1.50,323,False,False,False,False,False,False,False
sc_42_0021_distractor_hallucination,DISTRACTOR_HALLUCINATION,raymember,50,True,True,False,False,False,False,True,True,788.83,193,False,False,False,False,False,False,False
sc_42_0021_distractor_hallucination,DISTRACTOR_HALLUCINATION,raymember_grounded,50,True,True,False,False,False,False,True,True,770.63,18,True,True,False,False,False,False,False
sc_42_0022_temporal_hallucination,TEMPORAL_HALLUCINATION,baseline,1,True,True,False,False,False,False,True,True,0.04,92,False,False,False,False,False,False,False
sc_42_0022_temporal_hallucination,TEMPORAL_HALLUCINATION,full_context,1,False,False,True,False,True,True,False,True,0.03,138,False,False,False,False,False,False,False
sc_42_0022_temporal_hallucination,TEMPORAL_HALLUCINATION,naive_retrieval,1,False,False,True,False,True,True,False,True,0.09,139,False,False,False,False,False,False,False
sc_42_0022_temporal_hallucination,TEMPORAL_HALLUCINATION,raymember,1,False,False,True,False,True,True,False,True,91.93,202,False,False,False,False,False,False,False
sc_42_0022_temporal_hallucination,TEMPORAL_HALLUCINATION,raymember_grounded,1,True,True,False,False,False,False,True,True,103.14,21,True,True,False,False,False,False,True
sc_42_0023_entity_confusion,ENTITY_CONFUSION,baseline,2,False,False,True,True,False,False,False,False,0.02,83,False,False,False,False,False,False,False
sc_42_0023_entity_confusion,ENTITY_CONFUSION,full_context,2,True,True,False,False,False,False,False,False,0.04,166,False,False,False,False,False,True,False
sc_42_0023_entity_confusion,ENTITY_CONFUSION,naive_retrieval,2,True,True,False,False,False,False,False,False,0.08,167,False,False,False,False,False,True,False
sc_42_0023_entity_confusion,ENTITY_CONFUSION,raymember,2,True,True,False,False,False,False,False,False,102.99,182,False,False,False,False,False,True,False
sc_42_0023_entity_confusion,ENTITY_CONFUSION,raymember_grounded,2,True,True,False,False,False,False,False,True,108.67,11,True,True,False,False,False,True,False
sc_42_0024_false_premise,FALSE_PREMISE,baseline,2,False,False,True,False,True,False,False,True,0.01,87,False,False,False,False,False,False,False
sc_42_0024_false_premise,FALSE_PREMISE,full_context,2,False,False,True,False,True,True,False,True,0.07,171,False,False,False,False,False,False,False
sc_42_0024_false_premise,FALSE_PREMISE,naive_retrieval,2,False,False,True,False,True,True,False,True,0.09,172,False,False,False,False,False,False,False
sc_42_0024_false_premise,FALSE_PREMISE,raymember,2,False,False,True,False,True,True,False,True,112.22,222,False,False,False,False,False,False,False
sc_42_0024_false_premise,FALSE_PREMISE,raymember_grounded,2,True,True,False,False,False,False,False,True,116.60,16,True,True,False,False,True,False,False
sc_42_0025_current_state,CURRENT_STATE,baseline,2,False,False,True,True,False,False,False,False,0.01,85,False,False,False,False,False,False,False
sc_42_0025_current_state,CURRENT_STATE,full_context,2,False,False,True,True,True,True,False,False,0.09,168,False,False,False,False,False,False,False
sc_42_0025_current_state,CURRENT_STATE,naive_retrieval,2,False,False,True,True,True,True,False,False,0.08,169,False,False,False,False,False,False,False
sc_42_0025_current_state,CURRENT_STATE,raymember,2,False,False,True,True,True,True,False,False,116.93,216,False,False,False,False,False,False,False
sc_42_0025_current_state,CURRENT_STATE,raymember_grounded,2,False,False,True,True,True,True,False,True,109.80,13,True,True,False,False,False,False,False
sc_42_0026_conflict_resolution,CONFLICT_RESOLUTION,baseline,2,False,False,True,True,False,False,False,False,0.01,93,False,False,False,False,False,False,False
sc_42_0026_conflict_resolution,CONFLICT_RESOLUTION,full_context,2,True,True,False,False,False,False,False,True,0.06,182,False,False,False,False,False,False,False
sc_42_0026_conflict_resolution,CONFLICT_RESOLUTION,naive_retrieval,2,True,True,False,False,False,False,False,True,0.09,183,False,False,False,False,False,False,False
sc_42_0026_conflict_resolution,CONFLICT_RESOLUTION,raymember,2,True,True,False,False,False,False,False,True,103.91,275,False,False,False,False,False,False,False
sc_42_0026_conflict_resolution,CONFLICT_RESOLUTION,raymember_grounded,2,True,True,False,False,False,False,False,True,118.54,21,True,True,False,False,False,False,False
sc_42_0027_temporal_reasoning,TEMPORAL_REASONING,baseline,3,False,False,True,True,False,False,False,True,0.01,88,False,False,False,False,False,False,False
sc_42_0027_temporal_reasoning,TEMPORAL_REASONING,full_context,3,True,True,False,False,False,False,False,True,0.05,211,False,False,False,False,False,False,False
sc_42_0027_temporal_reasoning,TEMPORAL_REASONING,naive_retrieval,3,True,True,False,False,False,False,False,True,0.11,212,False,False,False,False,False,False,False
sc_42_0027_temporal_reasoning,TEMPORAL_REASONING,raymember,3,True,True,False,False,False,False,False,True,115.01,256,False,False,False,False,False,False,False
sc_42_0027_temporal_reasoning,TEMPORAL_REASONING,raymember_grounded,3,False,False,True,True,True,True,False,True,125.80,17,True,True,False,False,False,False,False
sc_42_0028_distractor_resistance,DISTRACTOR_RESISTANCE,baseline,250,False,False,True,True,False,False,False,False,0.01,83,False,False,False,False,False,False,False
sc_42_0028_distractor_resistance,DISTRACTOR_RESISTANCE,full_context,250,True,True,False,False,False,False,False,False,1.27,9262,False,False,False,False,False,False,False
sc_42_0028_distractor_resistance,DISTRACTOR_RESISTANCE,naive_retrieval,250,True,True,False,False,False,False,False,False,2.92,279,False,False,False,False,False,False,False
sc_42_0028_distractor_resistance,DISTRACTOR_RESISTANCE,raymember,250,True,True,False,False,False,False,False,False,3640.46,216,False,False,False,False,False,False,False
sc_42_0028_distractor_resistance,DISTRACTOR_RESISTANCE,raymember_grounded,250,True,True,False,False,False,False,False,True,3393.54,12,True,True,False,False,False,False,False
sc_42_0029_cross_session_persistence,CROSS_SESSION_PERSISTENCE,baseline,1,False,False,True,True,False,False,False,False,0.01,90,False,False,False,False,False,False,False
sc_42_0029_cross_session_persistence,CROSS_SESSION_PERSISTENCE,full_context,1,False,False,True,True,False,True,False,False,0.04,136,False,False,False,False,False,False,False
sc_42_0029_cross_session_persistence,CROSS_SESSION_PERSISTENCE,naive_retrieval,1,False,False,True,True,False,True,False,False,0.06,137,False,False,False,False,False,False,False
sc_42_0029_cross_session_persistence,CROSS_SESSION_PERSISTENCE,raymember,1,False,False,True,True,False,True,False,False,101.78,197,False,False,False,False,False,False,False
sc_42_0029_cross_session_persistence,CROSS_SESSION_PERSISTENCE,raymember_grounded,1,False,False,True,True,True,True,False,True,114.43,18,True,True,False,False,False,False,False
sc_42_0030_missing_info,MISSING_INFO,baseline,1,True,True,False,False,False,False,True,True,0.01,89,False,False,False,False,False,False,False
sc_42_0030_missing_info,MISSING_INFO,full_context,1,False,False,True,False,True,True,False,True,0.04,134,False,False,False,False,False,False,False
sc_42_0030_missing_info,MISSING_INFO,naive_retrieval,1,False,False,True,False,True,True,False,True,0.06,135,False,False,False,False,False,False,False
sc_42_0030_missing_info,MISSING_INFO,raymember,1,False,False,True,False,True,True,False,True,91.91,194,False,False,False,False,False,False,False
sc_42_0030_missing_info,MISSING_INFO,raymember_grounded,1,True,True,False,False,False,False,True,True,103.42,18,True,True,False,False,False,False,False
sc_42_0031_contradictory_evidence,CONTRADICTORY_EVIDENCE,baseline,2,False,False,True,True,False,False,False,False,0.01,94,False,False,False,False,False,False,False
sc_42_0031_contradictory_evidence,CONTRADICTORY_EVIDENCE,full_context,2,False,False,True,True,True,True,False,True,0.09,180,False,False,False,False,False,False,False
sc_42_0031_contradictory_evidence,CONTRADICTORY_EVIDENCE,naive_retrieval,2,False,False,True,True,True,True,False,True,0.13,181,False,False,False,False,False,False,False
sc_42_0031_contradictory_evidence,CONTRADICTORY_EVIDENCE,raymember,2,False,False,True,True,True,True,False,True,99.93,241,False,False,False,False,False,False,False
sc_42_0031_contradictory_evidence,CONTRADICTORY_EVIDENCE,raymember_grounded,2,False,False,True,True,True,True,False,False,113.36,22,True,True,False,False,False,False,False
sc_42_0032_uncertain_evidence,UNCERTAIN_EVIDENCE,baseline,2,True,True,False,False,False,False,True,True,0.01,83,False,False,False,False,False,False,False
sc_42_0032_uncertain_evidence,UNCERTAIN_EVIDENCE,full_context,2,False,False,True,False,True,True,False,True,0.04,165,False,False,False,False,False,False,False
sc_42_0032_uncertain_evidence,UNCERTAIN_EVIDENCE,naive_retrieval,2,False,False,True,False,True,True,False,True,0.09,166,False,False,False,False,False,False,False
sc_42_0032_uncertain_evidence,UNCERTAIN_EVIDENCE,raymember,2,True,True,False,False,False,False,True,True,108.71,211,False,False,False,False,False,False,False
sc_42_0032_uncertain_evidence,UNCERTAIN_EVIDENCE,raymember_grounded,2,False,False,True,False,True,False,False,True,117.26,11,True,True,False,False,False,False,False
sc_42_0033_distractor_hallucination,DISTRACTOR_HALLUCINATION,baseline,250,True,True,False,False,False,False,True,True,0.01,90,False,False,False,False,False,False,False
sc_42_0033_distractor_hallucination,DISTRACTOR_HALLUCINATION,full_context,250,False,False,True,False,True,True,False,True,1.64,11837,False,False,False,False,False,False,False
sc_42_0033_distractor_hallucination,DISTRACTOR_HALLUCINATION,naive_retrieval,250,False,False,True,False,True,True,False,True,3.66,323,False,False,False,False,False,False,False
sc_42_0033_distractor_hallucination,DISTRACTOR_HALLUCINATION,raymember,250,True,True,False,False,False,False,True,True,3599.48,193,False,False,False,False,False,False,False
sc_42_0033_distractor_hallucination,DISTRACTOR_HALLUCINATION,raymember_grounded,250,True,True,False,False,False,False,True,True,3214.05,18,True,True,False,False,False,False,False
sc_42_0034_temporal_hallucination,TEMPORAL_HALLUCINATION,baseline,1,True,True,False,False,False,False,True,True,0.05,92,False,False,False,False,False,False,False
sc_42_0034_temporal_hallucination,TEMPORAL_HALLUCINATION,full_context,1,False,False,True,False,True,True,False,True,0.04,138,False,False,False,False,False,False,False
sc_42_0034_temporal_hallucination,TEMPORAL_HALLUCINATION,naive_retrieval,1,False,False,True,False,True,True,False,True,0.10,139,False,False,False,False,False,False,False
sc_42_0034_temporal_hallucination,TEMPORAL_HALLUCINATION,raymember,1,False,False,True,False,True,True,False,True,94.03,202,False,False,False,False,False,False,False
sc_42_0034_temporal_hallucination,TEMPORAL_HALLUCINATION,raymember_grounded,1,True,True,False,False,False,False,True,True,105.60,21,True,True,False,False,False,False,True
sc_42_0035_entity_confusion,ENTITY_CONFUSION,baseline,2,False,False,True,True,False,False,False,False,0.01,83,False,False,False,False,False,False,False
sc_42_0035_entity_confusion,ENTITY_CONFUSION,full_context,2,True,True,False,False,False,False,False,False,0.06,166,False,False,False,False,False,True,False
sc_42_0035_entity_confusion,ENTITY_CONFUSION,naive_retrieval,2,True,True,False,False,False,False,False,False,0.10,167,False,False,False,False,False,True,False
sc_42_0035_entity_confusion,ENTITY_CONFUSION,raymember,2,True,True,False,False,False,False,False,False,104.51,182,False,False,False,False,False,True,False
sc_42_0035_entity_confusion,ENTITY_CONFUSION,raymember_grounded,2,True,True,False,False,False,False,False,True,112.85,11,True,True,False,False,False,True,False
sc_42_0036_false_premise,FALSE_PREMISE,baseline,2,False,False,True,False,True,False,False,True,0.01,87,False,False,False,False,False,False,False
sc_42_0036_false_premise,FALSE_PREMISE,full_context,2,False,False,True,False,True,True,False,True,0.04,171,False,False,False,False,False,False,False
sc_42_0036_false_premise,FALSE_PREMISE,naive_retrieval,2,False,False,True,False,True,True,False,True,0.08,172,False,False,False,False,False,False,False
sc_42_0036_false_premise,FALSE_PREMISE,raymember,2,False,False,True,False,True,True,False,True,98.50,222,False,False,False,False,False,False,False
sc_42_0036_false_premise,FALSE_PREMISE,raymember_grounded,2,True,True,False,False,False,False,False,True,116.27,16,True,True,False,False,True,False,False
sc_42_0037_current_state,CURRENT_STATE,baseline,2,False,False,True,True,False,False,False,False,0.01,85,False,False,False,False,False,False,False
sc_42_0037_current_state,CURRENT_STATE,full_context,2,False,False,True,True,True,True,False,False,0.04,171,False,False,False,False,False,False,False
sc_42_0037_current_state,CURRENT_STATE,naive_retrieval,2,False,False,True,True,True,True,False,False,0.08,172,False,False,False,False,False,False,False
sc_42_0037_current_state,CURRENT_STATE,raymember,2,False,False,True,True,False,True,False,False,102.61,221,False,False,False,False,False,False,False
sc_42_0037_current_state,CURRENT_STATE,raymember_grounded,2,False,False,True,True,True,True,False,True,108.56,13,True,True,False,False,False,False,False
sc_42_0038_conflict_resolution,CONFLICT_RESOLUTION,baseline,2,False,False,True,True,False,False,False,False,0.01,93,False,False,False,False,False,False,False
sc_42_0038_conflict_resolution,CONFLICT_RESOLUTION,full_context,2,True,True,False,False,False,False,False,True,0.06,182,False,False,False,False,False,False,False
sc_42_0038_conflict_resolution,CONFLICT_RESOLUTION,naive_retrieval,2,True,True,False,False,False,False,False,True,0.09,183,False,False,False,False,False,False,False
sc_42_0038_conflict_resolution,CONFLICT_RESOLUTION,raymember,2,True,True,False,False,False,False,False,True,98.63,275,False,False,False,False,False,False,False
sc_42_0038_conflict_resolution,CONFLICT_RESOLUTION,raymember_grounded,2,True,True,False,False,False,False,False,True,103.98,21,True,True,False,False,False,False,False
sc_42_0039_temporal_reasoning,TEMPORAL_REASONING,baseline,3,False,False,True,True,False,False,False,True,0.01,87,False,False,False,False,False,False,False
sc_42_0039_temporal_reasoning,TEMPORAL_REASONING,full_context,3,True,True,False,False,False,False,False,True,0.05,207,False,False,False,False,False,False,False
sc_42_0039_temporal_reasoning,TEMPORAL_REASONING,naive_retrieval,3,True,True,False,False,False,False,False,True,0.09,208,False,False,False,False,False,False,False
sc_42_0039_temporal_reasoning,TEMPORAL_REASONING,raymember,3,True,True,False,False,False,False,False,True,110.34,250,False,False,False,False,False,False,False
sc_42_0039_temporal_reasoning,TEMPORAL_REASONING,raymember_grounded,3,False,False,True,True,True,True,False,True,193.22,16,True,True,False,False,False,False,False
sc_42_0040_distractor_resistance,DISTRACTOR_RESISTANCE,baseline,1000,False,False,True,True,False,False,False,False,0.01,83,False,False,False,False,False,False,False
sc_42_0040_distractor_resistance,DISTRACTOR_RESISTANCE,full_context,1000,True,True,False,False,False,False,False,False,3.89,36733,False,False,False,False,False,False,False
sc_42_0040_distractor_resistance,DISTRACTOR_RESISTANCE,naive_retrieval,1000,True,True,False,False,False,False,False,False,11.20,279,False,False,False,False,False,False,False
sc_42_0040_distractor_resistance,DISTRACTOR_RESISTANCE,raymember,1000,True,True,False,False,False,False,False,False,13493.06,216,False,False,False,False,False,False,False
sc_42_0040_distractor_resistance,DISTRACTOR_RESISTANCE,raymember_grounded,1000,True,True,False,False,False,False,False,True,15448.00,12,True,True,False,False,False,False,False
sc_42_0041_cross_session_persistence,CROSS_SESSION_PERSISTENCE,baseline,1,False,False,True,True,False,False,False,False,0.02,90,False,False,False,False,False,False,False
sc_42_0041_cross_session_persistence,CROSS_SESSION_PERSISTENCE,full_context,1,False,False,True,True,False,True,False,False,0.06,136,False,False,False,False,False,False,False
sc_42_0041_cross_session_persistence,CROSS_SESSION_PERSISTENCE,naive_retrieval,1,False,False,True,True,False,True,False,False,0.10,137,False,False,False,False,False,False,False
sc_42_0041_cross_session_persistence,CROSS_SESSION_PERSISTENCE,raymember,1,False,False,True,True,False,True,False,False,132.36,197,False,False,False,False,False,False,False
sc_42_0041_cross_session_persistence,CROSS_SESSION_PERSISTENCE,raymember_grounded,1,False,False,True,True,True,True,False,True,122.01,18,True,True,False,False,False,False,False
sc_42_0042_missing_info,MISSING_INFO,baseline,1,True,True,False,False,False,False,True,True,0.01,89,False,False,False,False,False,False,False
sc_42_0042_missing_info,MISSING_INFO,full_context,1,False,False,True,False,True,True,False,True,0.04,134,False,False,False,False,False,False,False
sc_42_0042_missing_info,MISSING_INFO,naive_retrieval,1,False,False,True,False,True,True,False,True,0.07,135,False,False,False,False,False,False,False
sc_42_0042_missing_info,MISSING_INFO,raymember,1,False,False,True,False,True,True,False,True,87.17,194,False,False,False,False,False,False,False
sc_42_0042_missing_info,MISSING_INFO,raymember_grounded,1,True,True,False,False,False,False,True,True,101.16,18,True,True,False,False,False,False,False
sc_42_0043_contradictory_evidence,CONTRADICTORY_EVIDENCE,baseline,2,False,False,True,True,False,False,False,False,0.01,94,False,False,False,False,False,False,False
sc_42_0043_contradictory_evidence,CONTRADICTORY_EVIDENCE,full_context,2,False,False,True,True,True,True,False,True,0.10,180,False,False,False,False,False,False,False
sc_42_0043_contradictory_evidence,CONTRADICTORY_EVIDENCE,naive_retrieval,2,False,False,True,True,True,True,False,True,0.13,181,False,False,False,False,False,False,False
sc_42_0043_contradictory_evidence,CONTRADICTORY_EVIDENCE,raymember,2,False,False,True,True,True,True,False,True,103.02,241,False,False,False,False,False,False,False
sc_42_0043_contradictory_evidence,CONTRADICTORY_EVIDENCE,raymember_grounded,2,False,False,True,True,True,True,False,False,116.79,22,True,True,False,False,False,False,False
sc_42_0044_uncertain_evidence,UNCERTAIN_EVIDENCE,baseline,2,True,True,False,False,False,False,True,True,0.01,83,False,False,False,False,False,False,False
sc_42_0044_uncertain_evidence,UNCERTAIN_EVIDENCE,full_context,2,False,False,True,False,True,True,False,True,0.06,165,False,False,False,False,False,False,False
sc_42_0044_uncertain_evidence,UNCERTAIN_EVIDENCE,naive_retrieval,2,False,False,True,False,True,True,False,True,0.10,166,False,False,False,False,False,False,False
sc_42_0044_uncertain_evidence,UNCERTAIN_EVIDENCE,raymember,2,True,True,False,False,False,False,True,True,109.47,211,False,False,False,False,False,False,False
sc_42_0044_uncertain_evidence,UNCERTAIN_EVIDENCE,raymember_grounded,2,False,False,True,False,True,False,False,True,124.26,11,True,True,False,False,False,False,False
sc_42_0045_distractor_hallucination,DISTRACTOR_HALLUCINATION,baseline,1000,True,True,False,False,False,False,True,True,0.01,90,False,False,False,False,False,False,False
sc_42_0045_distractor_hallucination,DISTRACTOR_HALLUCINATION,full_context,1000,False,False,True,False,True,True,False,True,5.87,47087,False,False,False,False,False,False,False
sc_42_0045_distractor_hallucination,DISTRACTOR_HALLUCINATION,naive_retrieval,1000,False,False,True,False,True,True,False,True,16.92,323,False,False,False,False,False,False,False
sc_42_0045_distractor_hallucination,DISTRACTOR_HALLUCINATION,raymember,1000,True,True,False,False,False,False,True,True,13404.49,193,False,False,False,False,False,False,False
sc_42_0045_distractor_hallucination,DISTRACTOR_HALLUCINATION,raymember_grounded,1000,True,True,False,False,False,False,True,True,13989.63,18,True,True,False,False,False,False,False
sc_42_0046_temporal_hallucination,TEMPORAL_HALLUCINATION,baseline,1,True,True,False,False,False,False,True,True,0.06,92,False,False,False,False,False,False,False
sc_42_0046_temporal_hallucination,TEMPORAL_HALLUCINATION,full_context,1,False,False,True,False,True,True,False,True,0.03,138,False,False,False,False,False,False,False
sc_42_0046_temporal_hallucination,TEMPORAL_HALLUCINATION,naive_retrieval,1,False,False,True,False,True,True,False,True,0.06,139,False,False,False,False,False,False,False
sc_42_0046_temporal_hallucination,TEMPORAL_HALLUCINATION,raymember,1,False,False,True,False,True,True,False,True,88.32,202,False,False,False,False,False,False,False
sc_42_0046_temporal_hallucination,TEMPORAL_HALLUCINATION,raymember_grounded,1,True,True,False,False,False,False,True,True,107.09,21,True,True,False,False,False,False,True
sc_42_0047_entity_confusion,ENTITY_CONFUSION,baseline,2,False,False,True,True,False,False,False,False,0.01,83,False,False,False,False,False,False,False
sc_42_0047_entity_confusion,ENTITY_CONFUSION,full_context,2,True,True,False,False,False,False,False,False,0.06,166,False,False,False,False,False,True,False
sc_42_0047_entity_confusion,ENTITY_CONFUSION,naive_retrieval,2,True,True,False,False,False,False,False,False,0.08,167,False,False,False,False,False,True,False
sc_42_0047_entity_confusion,ENTITY_CONFUSION,raymember,2,True,True,False,False,False,False,False,False,104.80,182,False,False,False,False,False,True,False
sc_42_0047_entity_confusion,ENTITY_CONFUSION,raymember_grounded,2,True,True,False,False,False,False,False,True,126.73,11,True,True,False,False,False,True,False
sc_42_0048_false_premise,FALSE_PREMISE,baseline,2,False,False,True,False,True,False,False,True,0.01,87,False,False,False,False,False,False,False
sc_42_0048_false_premise,FALSE_PREMISE,full_context,2,False,False,True,False,True,True,False,True,0.06,171,False,False,False,False,False,False,False
sc_42_0048_false_premise,FALSE_PREMISE,naive_retrieval,2,False,False,True,False,True,True,False,True,0.12,172,False,False,False,False,False,False,False
sc_42_0048_false_premise,FALSE_PREMISE,raymember,2,False,False,True,False,True,True,False,True,97.41,222,False,False,False,False,False,False,False
sc_42_0048_false_premise,FALSE_PREMISE,raymember_grounded,2,True,True,False,False,False,False,False,True,174.20,16,True,True,False,False,True,False,False
sc_42_0049_current_state,CURRENT_STATE,baseline,2,False,False,True,True,False,False,False,False,0.01,85,False,False,False,False,False,False,False
sc_42_0049_current_state,CURRENT_STATE,full_context,2,False,False,True,True,True,True,False,False,0.06,168,False,False,False,False,False,False,False
sc_42_0049_current_state,CURRENT_STATE,naive_retrieval,2,False,False,True,True,True,True,False,False,0.12,169,False,False,False,False,False,False,False
sc_42_0049_current_state,CURRENT_STATE,raymember,2,False,False,True,True,True,True,False,False,142.71,216,False,False,False,False,False,False,False
sc_42_0049_current_state,CURRENT_STATE,raymember_grounded,2,False,False,True,True,True,True,False,True,175.97,13,True,True,False,False,False,False,False
sc_42_0050_conflict_resolution,CONFLICT_RESOLUTION,baseline,2,False,False,True,True,False,False,False,False,0.01,93,False,False,False,False,False,False,False
sc_42_0050_conflict_resolution,CONFLICT_RESOLUTION,full_context,2,True,True,False,False,False,False,False,True,0.11,182,False,False,False,False,False,False,False
sc_42_0050_conflict_resolution,CONFLICT_RESOLUTION,naive_retrieval,2,True,True,False,False,False,False,False,True,0.20,183,False,False,False,False,False,False,False
sc_42_0050_conflict_resolution,CONFLICT_RESOLUTION,raymember,2,True,True,False,False,False,False,False,True,154.61,275,False,False,False,False,False,False,False
sc_42_0050_conflict_resolution,CONFLICT_RESOLUTION,raymember_grounded,2,True,True,False,False,False,False,False,True,175.12,21,True,True,False,False,False,False,False
sc_42_0051_temporal_reasoning,TEMPORAL_REASONING,baseline,3,False,False,True,True,False,False,False,True,0.01,88,False,False,False,False,False,False,False
sc_42_0051_temporal_reasoning,TEMPORAL_REASONING,full_context,3,True,True,False,False,False,False,False,True,0.06,211,False,False,False,False,False,False,False
sc_42_0051_temporal_reasoning,TEMPORAL_REASONING,naive_retrieval,3,True,True,False,False,False,False,False,True,0.13,212,False,False,False,False,False,False,False
sc_42_0051_temporal_reasoning,TEMPORAL_REASONING,raymember,3,True,True,False,False,False,False,False,True,161.66,256,False,False,False,False,False,False,False
sc_42_0051_temporal_reasoning,TEMPORAL_REASONING,raymember_grounded,3,False,False,True,True,True,True,False,True,171.39,17,True,True,False,False,False,False,False
sc_42_0052_distractor_resistance,DISTRACTOR_RESISTANCE,baseline,100,False,False,True,True,False,False,False,False,0.01,83,False,False,False,False,False,False,False
sc_42_0052_distractor_resistance,DISTRACTOR_RESISTANCE,full_context,100,True,True,False,False,False,False,False,False,0.82,3839,False,False,False,False,False,False,False
sc_42_0052_distractor_resistance,DISTRACTOR_RESISTANCE,naive_retrieval,100,True,True,False,False,False,False,False,False,2.06,279,False,False,False,False,False,False,False
sc_42_0052_distractor_resistance,DISTRACTOR_RESISTANCE,raymember,100,True,True,False,False,False,False,False,False,1138.37,216,False,False,False,False,False,False,False
sc_42_0052_distractor_resistance,DISTRACTOR_RESISTANCE,raymember_grounded,100,True,True,False,False,False,False,False,True,1629.43,12,True,True,False,False,False,False,False
sc_42_0053_cross_session_persistence,CROSS_SESSION_PERSISTENCE,baseline,1,False,False,True,True,False,False,False,False,0.01,90,False,False,False,False,False,False,False
sc_42_0053_cross_session_persistence,CROSS_SESSION_PERSISTENCE,full_context,1,False,False,True,True,False,True,False,False,0.06,136,False,False,False,False,False,False,False
sc_42_0053_cross_session_persistence,CROSS_SESSION_PERSISTENCE,naive_retrieval,1,False,False,True,True,False,True,False,False,0.09,137,False,False,False,False,False,False,False
sc_42_0053_cross_session_persistence,CROSS_SESSION_PERSISTENCE,raymember,1,False,False,True,True,False,True,False,False,152.61,197,False,False,False,False,False,False,False
sc_42_0053_cross_session_persistence,CROSS_SESSION_PERSISTENCE,raymember_grounded,1,False,False,True,True,True,True,False,True,142.69,18,True,True,False,False,False,False,False
sc_42_0054_missing_info,MISSING_INFO,baseline,1,True,True,False,False,False,False,True,True,0.01,89,False,False,False,False,False,False,False
sc_42_0054_missing_info,MISSING_INFO,full_context,1,False,False,True,False,True,True,False,True,0.05,134,False,False,False,False,False,False,False
sc_42_0054_missing_info,MISSING_INFO,naive_retrieval,1,False,False,True,False,True,True,False,True,0.06,135,False,False,False,False,False,False,False
sc_42_0054_missing_info,MISSING_INFO,raymember,1,False,False,True,False,True,True,False,True,114.08,194,False,False,False,False,False,False,False
sc_42_0054_missing_info,MISSING_INFO,raymember_grounded,1,True,True,False,False,False,False,True,True,145.44,18,True,True,False,False,False,False,False
sc_42_0055_contradictory_evidence,CONTRADICTORY_EVIDENCE,baseline,2,False,False,True,True,False,False,False,False,0.01,94,False,False,False,False,False,False,False
sc_42_0055_contradictory_evidence,CONTRADICTORY_EVIDENCE,full_context,2,False,False,True,True,True,True,False,True,0.08,180,False,False,False,False,False,False,False
sc_42_0055_contradictory_evidence,CONTRADICTORY_EVIDENCE,naive_retrieval,2,False,False,True,True,True,True,False,True,0.13,181,False,False,False,False,False,False,False
sc_42_0055_contradictory_evidence,CONTRADICTORY_EVIDENCE,raymember,2,False,False,True,True,True,True,False,True,168.62,242,False,False,False,False,False,False,False
sc_42_0055_contradictory_evidence,CONTRADICTORY_EVIDENCE,raymember_grounded,2,False,False,True,True,True,True,False,False,172.77,23,True,True,False,False,False,False,False
sc_42_0056_uncertain_evidence,UNCERTAIN_EVIDENCE,baseline,2,True,True,False,False,False,False,True,True,0.01,83,False,False,False,False,False,False,False
sc_42_0056_uncertain_evidence,UNCERTAIN_EVIDENCE,full_context,2,False,False,True,False,True,True,False,True,0.08,165,False,False,False,False,False,False,False
sc_42_0056_uncertain_evidence,UNCERTAIN_EVIDENCE,naive_retrieval,2,False,False,True,False,True,True,False,True,0.15,166,False,False,False,False,False,False,False
sc_42_0056_uncertain_evidence,UNCERTAIN_EVIDENCE,raymember,2,True,True,False,False,False,False,True,True,136.09,211,False,False,False,False,False,False,False
sc_42_0056_uncertain_evidence,UNCERTAIN_EVIDENCE,raymember_grounded,2,False,False,True,False,True,False,False,True,157.23,11,True,True,False,False,False,False,False
sc_42_0057_distractor_hallucination,DISTRACTOR_HALLUCINATION,baseline,100,True,True,False,False,False,False,True,True,0.01,90,False,False,False,False,False,False,False
sc_42_0057_distractor_hallucination,DISTRACTOR_HALLUCINATION,full_context,100,False,False,True,False,True,True,False,True,0.64,4787,False,False,False,False,False,False,False
sc_42_0057_distractor_hallucination,DISTRACTOR_HALLUCINATION,naive_retrieval,100,False,False,True,False,True,True,False,True,1.88,323,False,False,False,False,False,False,False
sc_42_0057_distractor_hallucination,DISTRACTOR_HALLUCINATION,raymember,100,True,True,False,False,False,False,True,True,1482.24,193,False,False,False,False,False,False,False
sc_42_0057_distractor_hallucination,DISTRACTOR_HALLUCINATION,raymember_grounded,100,True,True,False,False,False,False,True,True,1435.12,18,True,True,False,False,False,False,False
sc_42_0058_temporal_hallucination,TEMPORAL_HALLUCINATION,baseline,1,True,True,False,False,False,False,True,True,0.03,92,False,False,False,False,False,False,False
sc_42_0058_temporal_hallucination,TEMPORAL_HALLUCINATION,full_context,1,False,False,True,False,True,True,False,True,0.03,138,False,False,False,False,False,False,False
sc_42_0058_temporal_hallucination,TEMPORAL_HALLUCINATION,naive_retrieval,1,False,False,True,False,True,True,False,True,0.05,139,False,False,False,False,False,False,False
sc_42_0058_temporal_hallucination,TEMPORAL_HALLUCINATION,raymember,1,False,False,True,False,True,True,False,True,81.58,202,False,False,False,False,False,False,False
sc_42_0058_temporal_hallucination,TEMPORAL_HALLUCINATION,raymember_grounded,1,True,True,False,False,False,False,True,True,104.79,21,True,True,False,False,False,False,True
sc_42_0059_entity_confusion,ENTITY_CONFUSION,baseline,2,False,False,True,True,False,False,False,False,0.01,83,False,False,False,False,False,False,False
sc_42_0059_entity_confusion,ENTITY_CONFUSION,full_context,2,True,True,False,False,False,False,False,False,0.06,166,False,False,False,False,False,True,False
sc_42_0059_entity_confusion,ENTITY_CONFUSION,naive_retrieval,2,True,True,False,False,False,False,False,False,0.11,167,False,False,False,False,False,True,False
sc_42_0059_entity_confusion,ENTITY_CONFUSION,raymember,2,True,True,False,False,False,False,False,False,124.70,182,False,False,False,False,False,True,False
sc_42_0059_entity_confusion,ENTITY_CONFUSION,raymember_grounded,2,True,True,False,False,False,False,False,True,154.10,11,True,True,False,False,False,True,False
sc_42_0060_false_premise,FALSE_PREMISE,baseline,2,False,False,True,False,True,False,False,True,0.01,87,False,False,False,False,False,False,False
sc_42_0060_false_premise,FALSE_PREMISE,full_context,2,False,False,True,False,True,True,False,True,0.07,171,False,False,False,False,False,False,False
sc_42_0060_false_premise,FALSE_PREMISE,naive_retrieval,2,False,False,True,False,True,True,False,True,0.11,172,False,False,False,False,False,False,False
sc_42_0060_false_premise,FALSE_PREMISE,raymember,2,False,False,True,False,True,True,False,True,169.54,222,False,False,False,False,False,False,False
sc_42_0060_false_premise,FALSE_PREMISE,raymember_grounded,2,True,True,False,False,False,False,False,True,209.10,16,True,True,False,False,True,False,False
sc_42_0061_current_state,CURRENT_STATE,baseline,2,False,False,True,True,False,False,False,False,0.01,85,False,False,False,False,False,False,False
sc_42_0061_current_state,CURRENT_STATE,full_context,2,False,False,True,True,True,True,False,False,0.10,171,False,False,False,False,False,False,False
sc_42_0061_current_state,CURRENT_STATE,naive_retrieval,2,False,False,True,True,True,True,False,False,0.16,172,False,False,False,False,False,False,False
sc_42_0061_current_state,CURRENT_STATE,raymember,2,False,False,True,True,False,True,False,False,156.33,221,False,False,False,False,False,False,False
sc_42_0061_current_state,CURRENT_STATE,raymember_grounded,2,False,False,True,True,True,True,False,True,159.50,13,True,True,False,False,False,False,False
sc_42_0062_conflict_resolution,CONFLICT_RESOLUTION,baseline,2,False,False,True,True,False,False,False,False,0.01,93,False,False,False,False,False,False,False
sc_42_0062_conflict_resolution,CONFLICT_RESOLUTION,full_context,2,True,True,False,False,False,False,False,True,0.10,182,False,False,False,False,False,False,False
sc_42_0062_conflict_resolution,CONFLICT_RESOLUTION,naive_retrieval,2,True,True,False,False,False,False,False,True,0.16,183,False,False,False,False,False,False,False
sc_42_0062_conflict_resolution,CONFLICT_RESOLUTION,raymember,2,True,True,False,False,False,False,False,True,139.33,275,False,False,False,False,False,False,False
sc_42_0062_conflict_resolution,CONFLICT_RESOLUTION,raymember_grounded,2,True,True,False,False,False,False,False,True,167.87,21,True,True,False,False,False,False,False
sc_42_0063_temporal_reasoning,TEMPORAL_REASONING,baseline,3,False,False,True,True,False,False,False,True,0.01,87,False,False,False,False,False,False,False
sc_42_0063_temporal_reasoning,TEMPORAL_REASONING,full_context,3,True,True,False,False,False,False,False,True,0.08,207,False,False,False,False,False,False,False
sc_42_0063_temporal_reasoning,TEMPORAL_REASONING,naive_retrieval,3,True,True,False,False,False,False,False,True,0.18,208,False,False,False,False,False,False,False
sc_42_0063_temporal_reasoning,TEMPORAL_REASONING,raymember,3,True,True,False,False,False,False,False,True,150.01,250,False,False,False,False,False,False,False
sc_42_0063_temporal_reasoning,TEMPORAL_REASONING,raymember_grounded,3,False,False,True,True,True,True,False,True,153.27,16,True,True,False,False,False,False,False
sc_42_0064_distractor_resistance,DISTRACTOR_RESISTANCE,baseline,500,False,False,True,True,False,False,False,False,0.01,83,False,False,False,False,False,False,False
sc_42_0064_distractor_resistance,DISTRACTOR_RESISTANCE,full_context,500,True,True,False,False,False,False,False,False,2.25,18426,False,False,False,False,False,False,False
sc_42_0064_distractor_resistance,DISTRACTOR_RESISTANCE,naive_retrieval,500,True,True,False,False,False,False,False,False,11.34,279,False,False,False,False,False,False,False
sc_42_0064_distractor_resistance,DISTRACTOR_RESISTANCE,raymember,500,True,True,False,False,False,False,False,False,6449.72,216,False,False,False,False,False,False,False
sc_42_0064_distractor_resistance,DISTRACTOR_RESISTANCE,raymember_grounded,500,True,True,False,False,False,False,False,True,6454.96,12,True,True,False,False,False,False,False
sc_42_0065_cross_session_persistence,CROSS_SESSION_PERSISTENCE,baseline,1,False,False,True,True,False,False,False,False,0.01,90,False,False,False,False,False,False,False
sc_42_0065_cross_session_persistence,CROSS_SESSION_PERSISTENCE,full_context,1,False,False,True,True,False,True,False,False,0.06,136,False,False,False,False,False,False,False
sc_42_0065_cross_session_persistence,CROSS_SESSION_PERSISTENCE,naive_retrieval,1,False,False,True,True,False,True,False,False,0.10,137,False,False,False,False,False,False,False
sc_42_0065_cross_session_persistence,CROSS_SESSION_PERSISTENCE,raymember,1,False,False,True,True,False,True,False,False,119.38,197,False,False,False,False,False,False,False
sc_42_0065_cross_session_persistence,CROSS_SESSION_PERSISTENCE,raymember_grounded,1,False,False,True,True,True,True,False,True,147.98,18,True,True,False,False,False,False,False
sc_42_0066_missing_info,MISSING_INFO,baseline,1,True,True,False,False,False,False,True,True,0.01,89,False,False,False,False,False,False,False
sc_42_0066_missing_info,MISSING_INFO,full_context,1,False,False,True,False,True,True,False,True,0.04,134,False,False,False,False,False,False,False
sc_42_0066_missing_info,MISSING_INFO,naive_retrieval,1,False,False,True,False,True,True,False,True,0.06,135,False,False,False,False,False,False,False
sc_42_0066_missing_info,MISSING_INFO,raymember,1,False,False,True,False,True,True,False,True,100.74,194,False,False,False,False,False,False,False
sc_42_0066_missing_info,MISSING_INFO,raymember_grounded,1,True,True,False,False,False,False,True,True,108.92,18,True,True,False,False,False,False,False
sc_42_0067_contradictory_evidence,CONTRADICTORY_EVIDENCE,baseline,2,False,False,True,True,False,False,False,False,0.01,94,False,False,False,False,False,False,False
sc_42_0067_contradictory_evidence,CONTRADICTORY_EVIDENCE,full_context,2,False,False,True,True,True,True,False,True,0.06,180,False,False,False,False,False,False,False
sc_42_0067_contradictory_evidence,CONTRADICTORY_EVIDENCE,naive_retrieval,2,False,False,True,True,True,True,False,True,0.09,181,False,False,False,False,False,False,False
sc_42_0067_contradictory_evidence,CONTRADICTORY_EVIDENCE,raymember,2,False,False,True,True,True,True,False,True,103.27,242,False,False,False,False,False,False,False
sc_42_0067_contradictory_evidence,CONTRADICTORY_EVIDENCE,raymember_grounded,2,False,False,True,True,True,True,False,False,118.99,23,True,True,False,False,False,False,False
sc_42_0068_uncertain_evidence,UNCERTAIN_EVIDENCE,baseline,2,True,True,False,False,False,False,True,True,0.01,83,False,False,False,False,False,False,False
sc_42_0068_uncertain_evidence,UNCERTAIN_EVIDENCE,full_context,2,False,False,True,False,True,True,False,True,0.05,165,False,False,False,False,False,False,False
sc_42_0068_uncertain_evidence,UNCERTAIN_EVIDENCE,naive_retrieval,2,False,False,True,False,True,True,False,True,0.09,166,False,False,False,False,False,False,False
sc_42_0068_uncertain_evidence,UNCERTAIN_EVIDENCE,raymember,2,True,True,False,False,False,False,True,True,98.76,211,False,False,False,False,False,False,False
sc_42_0068_uncertain_evidence,UNCERTAIN_EVIDENCE,raymember_grounded,2,False,False,True,False,True,False,False,True,112.74,11,True,True,False,False,False,False,False
sc_42_0069_distractor_hallucination,DISTRACTOR_HALLUCINATION,baseline,500,True,True,False,False,False,False,True,True,0.01,90,False,False,False,False,False,False,False
sc_42_0069_distractor_hallucination,DISTRACTOR_HALLUCINATION,full_context,500,False,False,True,False,True,True,False,True,3.20,23587,False,False,False,False,False,False,False
sc_42_0069_distractor_hallucination,DISTRACTOR_HALLUCINATION,naive_retrieval,500,False,False,True,False,True,True,False,True,7.12,323,False,False,False,False,False,False,False
sc_42_0069_distractor_hallucination,DISTRACTOR_HALLUCINATION,raymember,500,True,True,False,False,False,False,True,True,8397.40,193,False,False,False,False,False,False,False
sc_42_0069_distractor_hallucination,DISTRACTOR_HALLUCINATION,raymember_grounded,500,True,True,False,False,False,False,True,True,9521.39,18,True,True,False,False,False,False,False
sc_42_0070_temporal_hallucination,TEMPORAL_HALLUCINATION,baseline,1,True,True,False,False,False,False,True,True,0.04,92,False,False,False,False,False,False,False
sc_42_0070_temporal_hallucination,TEMPORAL_HALLUCINATION,full_context,1,False,False,True,False,True,True,False,True,0.02,138,False,False,False,False,False,False,False
sc_42_0070_temporal_hallucination,TEMPORAL_HALLUCINATION,naive_retrieval,1,False,False,True,False,True,True,False,True,0.05,139,False,False,False,False,False,False,False
sc_42_0070_temporal_hallucination,TEMPORAL_HALLUCINATION,raymember,1,False,False,True,False,True,True,False,True,215.84,202,False,False,False,False,False,False,False
sc_42_0070_temporal_hallucination,TEMPORAL_HALLUCINATION,raymember_grounded,1,True,True,False,False,False,False,True,True,241.09,21,True,True,False,False,False,False,True
sc_42_0071_entity_confusion,ENTITY_CONFUSION,baseline,2,False,False,True,True,False,False,False,False,0.01,83,False,False,False,False,False,False,False
sc_42_0071_entity_confusion,ENTITY_CONFUSION,full_context,2,True,True,False,False,False,False,False,False,0.06,166,False,False,False,False,False,True,False
sc_42_0071_entity_confusion,ENTITY_CONFUSION,naive_retrieval,2,True,True,False,False,False,False,False,False,0.10,167,False,False,False,False,False,True,False
sc_42_0071_entity_confusion,ENTITY_CONFUSION,raymember,2,True,True,False,False,False,False,False,False,255.01,182,False,False,False,False,False,True,False
sc_42_0071_entity_confusion,ENTITY_CONFUSION,raymember_grounded,2,True,True,False,False,False,False,False,True,270.22,11,True,True,False,False,False,True,False
sc_42_0072_false_premise,FALSE_PREMISE,baseline,2,False,False,True,False,True,False,False,True,0.01,87,False,False,False,False,False,False,False
sc_42_0072_false_premise,FALSE_PREMISE,full_context,2,False,False,True,False,True,True,False,True,0.09,171,False,False,False,False,False,False,False
sc_42_0072_false_premise,FALSE_PREMISE,naive_retrieval,2,False,False,True,False,True,True,False,True,0.16,172,False,False,False,False,False,False,False
sc_42_0072_false_premise,FALSE_PREMISE,raymember,2,False,False,True,False,True,True,False,True,258.38,222,False,False,False,False,False,False,False
sc_42_0072_false_premise,FALSE_PREMISE,raymember_grounded,2,True,True,False,False,False,False,False,True,268.54,16,True,True,False,False,True,False,False
sc_42_0073_current_state,CURRENT_STATE,baseline,2,False,False,True,True,False,False,False,False,0.01,85,False,False,False,False,False,False,False
sc_42_0073_current_state,CURRENT_STATE,full_context,2,False,False,True,True,True,True,False,False,0.06,168,False,False,False,False,False,False,False
sc_42_0073_current_state,CURRENT_STATE,naive_retrieval,2,False,False,True,True,True,True,False,False,0.17,169,False,False,False,False,False,False,False
sc_42_0073_current_state,CURRENT_STATE,raymember,2,False,False,True,True,True,True,False,False,225.48,216,False,False,False,False,False,False,False
sc_42_0073_current_state,CURRENT_STATE,raymember_grounded,2,False,False,True,True,True,True,False,True,225.60,13,True,True,False,False,False,False,False
sc_42_0074_conflict_resolution,CONFLICT_RESOLUTION,baseline,2,False,False,True,True,False,False,False,False,0.01,93,False,False,False,False,False,False,False
sc_42_0074_conflict_resolution,CONFLICT_RESOLUTION,full_context,2,True,True,False,False,False,False,False,True,0.06,182,False,False,False,False,False,False,False
sc_42_0074_conflict_resolution,CONFLICT_RESOLUTION,naive_retrieval,2,True,True,False,False,False,False,False,True,0.07,183,False,False,False,False,False,False,False
sc_42_0074_conflict_resolution,CONFLICT_RESOLUTION,raymember,2,True,True,False,False,False,False,False,True,223.96,275,False,False,False,False,False,False,False
sc_42_0074_conflict_resolution,CONFLICT_RESOLUTION,raymember_grounded,2,True,True,False,False,False,False,False,True,232.83,21,True,True,False,False,False,False,False
sc_42_0075_temporal_reasoning,TEMPORAL_REASONING,baseline,3,False,False,True,True,False,False,False,True,0.01,88,False,False,False,False,False,False,False
sc_42_0075_temporal_reasoning,TEMPORAL_REASONING,full_context,3,True,True,False,False,False,False,False,True,0.05,211,False,False,False,False,False,False,False
sc_42_0075_temporal_reasoning,TEMPORAL_REASONING,naive_retrieval,3,True,True,False,False,False,False,False,True,0.11,212,False,False,False,False,False,False,False
sc_42_0075_temporal_reasoning,TEMPORAL_REASONING,raymember,3,True,True,False,False,False,False,False,True,232.79,256,False,False,False,False,False,False,False
sc_42_0075_temporal_reasoning,TEMPORAL_REASONING,raymember_grounded,3,False,False,True,True,True,True,False,True,285.47,17,True,True,False,False,False,False,False
sc_42_0076_distractor_resistance,DISTRACTOR_RESISTANCE,baseline,50,False,False,True,True,False,False,False,False,0.01,83,False,False,False,False,False,False,False
sc_42_0076_distractor_resistance,DISTRACTOR_RESISTANCE,full_context,50,True,True,False,False,False,False,False,False,0.28,1966,False,False,False,False,False,False,False
sc_42_0076_distractor_resistance,DISTRACTOR_RESISTANCE,naive_retrieval,50,True,True,False,False,False,False,False,False,0.77,279,False,False,False,False,False,False,False
sc_42_0076_distractor_resistance,DISTRACTOR_RESISTANCE,raymember,50,True,True,False,False,False,False,False,False,1212.58,216,False,False,False,False,False,False,False
sc_42_0076_distractor_resistance,DISTRACTOR_RESISTANCE,raymember_grounded,50,True,True,False,False,False,False,False,True,1124.93,12,True,True,False,False,False,False,False
sc_42_0077_cross_session_persistence,CROSS_SESSION_PERSISTENCE,baseline,1,False,False,True,True,False,False,False,False,0.01,90,False,False,False,False,False,False,False
sc_42_0077_cross_session_persistence,CROSS_SESSION_PERSISTENCE,full_context,1,False,False,True,True,False,True,False,False,0.06,136,False,False,False,False,False,False,False
sc_42_0077_cross_session_persistence,CROSS_SESSION_PERSISTENCE,naive_retrieval,1,False,False,True,True,False,True,False,False,0.08,137,False,False,False,False,False,False,False
sc_42_0077_cross_session_persistence,CROSS_SESSION_PERSISTENCE,raymember,1,False,False,True,True,False,True,False,False,227.63,197,False,False,False,False,False,False,False
sc_42_0077_cross_session_persistence,CROSS_SESSION_PERSISTENCE,raymember_grounded,1,False,False,True,True,True,True,False,True,234.05,18,True,True,False,False,False,False,False
sc_42_0078_missing_info,MISSING_INFO,baseline,1,True,True,False,False,False,False,True,True,0.01,89,False,False,False,False,False,False,False
sc_42_0078_missing_info,MISSING_INFO,full_context,1,False,False,True,False,True,True,False,True,0.04,134,False,False,False,False,False,False,False
sc_42_0078_missing_info,MISSING_INFO,naive_retrieval,1,False,False,True,False,True,True,False,True,0.07,135,False,False,False,False,False,False,False
sc_42_0078_missing_info,MISSING_INFO,raymember,1,False,False,True,False,True,True,False,True,199.97,194,False,False,False,False,False,False,False
sc_42_0078_missing_info,MISSING_INFO,raymember_grounded,1,True,True,False,False,False,False,True,True,206.90,18,True,True,False,False,False,False,False
sc_42_0079_contradictory_evidence,CONTRADICTORY_EVIDENCE,baseline,2,False,False,True,True,False,False,False,False,0.01,94,False,False,False,False,False,False,False
sc_42_0079_contradictory_evidence,CONTRADICTORY_EVIDENCE,full_context,2,False,False,True,True,True,True,False,True,0.07,180,False,False,False,False,False,False,False
sc_42_0079_contradictory_evidence,CONTRADICTORY_EVIDENCE,naive_retrieval,2,False,False,True,True,True,True,False,True,0.09,181,False,False,False,False,False,False,False
sc_42_0079_contradictory_evidence,CONTRADICTORY_EVIDENCE,raymember,2,False,False,True,True,True,True,False,True,210.18,242,False,False,False,False,False,False,False
sc_42_0079_contradictory_evidence,CONTRADICTORY_EVIDENCE,raymember_grounded,2,False,False,True,True,True,True,False,False,217.61,23,True,True,False,False,False,False,False
sc_42_0080_uncertain_evidence,UNCERTAIN_EVIDENCE,baseline,2,True,True,False,False,False,False,True,True,0.01,83,False,False,False,False,False,False,False
sc_42_0080_uncertain_evidence,UNCERTAIN_EVIDENCE,full_context,2,False,False,True,False,True,True,False,True,0.05,165,False,False,False,False,False,False,False
sc_42_0080_uncertain_evidence,UNCERTAIN_EVIDENCE,naive_retrieval,2,False,False,True,False,True,True,False,True,0.10,166,False,False,False,False,False,False,False
sc_42_0080_uncertain_evidence,UNCERTAIN_EVIDENCE,raymember,2,True,True,False,False,False,False,True,True,245.15,211,False,False,False,False,False,False,False
sc_42_0080_uncertain_evidence,UNCERTAIN_EVIDENCE,raymember_grounded,2,False,False,True,False,True,False,False,True,255.51,11,True,True,False,False,False,False,False
sc_42_0081_distractor_hallucination,DISTRACTOR_HALLUCINATION,baseline,50,True,True,False,False,False,False,True,True,0.01,90,False,False,False,False,False,False,False
sc_42_0081_distractor_hallucination,DISTRACTOR_HALLUCINATION,full_context,50,False,False,True,False,True,True,False,True,0.50,2437,False,False,False,False,False,False,False
sc_42_0081_distractor_hallucination,DISTRACTOR_HALLUCINATION,naive_retrieval,50,False,False,True,False,True,True,False,True,2.08,323,False,False,False,False,False,False,False
sc_42_0081_distractor_hallucination,DISTRACTOR_HALLUCINATION,raymember,50,True,True,False,False,False,False,True,True,985.26,193,False,False,False,False,False,False,False
sc_42_0081_distractor_hallucination,DISTRACTOR_HALLUCINATION,raymember_grounded,50,True,True,False,False,False,False,True,True,1068.06,18,True,True,False,False,False,False,False
sc_42_0082_temporal_hallucination,TEMPORAL_HALLUCINATION,baseline,1,True,True,False,False,False,False,True,True,0.05,92,False,False,False,False,False,False,False
sc_42_0082_temporal_hallucination,TEMPORAL_HALLUCINATION,full_context,1,False,False,True,False,True,True,False,True,0.04,138,False,False,False,False,False,False,False
sc_42_0082_temporal_hallucination,TEMPORAL_HALLUCINATION,naive_retrieval,1,False,False,True,False,True,True,False,True,0.09,139,False,False,False,False,False,False,False
sc_42_0082_temporal_hallucination,TEMPORAL_HALLUCINATION,raymember,1,False,False,True,False,True,True,False,True,210.44,202,False,False,False,False,False,False,False
sc_42_0082_temporal_hallucination,TEMPORAL_HALLUCINATION,raymember_grounded,1,True,True,False,False,False,False,True,True,210.76,21,True,True,False,False,False,False,True
sc_42_0083_entity_confusion,ENTITY_CONFUSION,baseline,2,False,False,True,True,False,False,False,False,0.01,83,False,False,False,False,False,False,False
sc_42_0083_entity_confusion,ENTITY_CONFUSION,full_context,2,True,True,False,False,False,False,False,False,0.05,166,False,False,False,False,False,True,False
sc_42_0083_entity_confusion,ENTITY_CONFUSION,naive_retrieval,2,True,True,False,False,False,False,False,False,0.09,167,False,False,False,False,False,True,False
sc_42_0083_entity_confusion,ENTITY_CONFUSION,raymember,2,True,True,False,False,False,False,False,False,217.83,182,False,False,False,False,False,True,False
sc_42_0083_entity_confusion,ENTITY_CONFUSION,raymember_grounded,2,True,True,False,False,False,False,False,True,211.09,11,True,True,False,False,False,True,False
sc_42_0084_false_premise,FALSE_PREMISE,baseline,2,False,False,True,False,True,False,False,True,0.01,87,False,False,False,False,False,False,False
sc_42_0084_false_premise,FALSE_PREMISE,full_context,2,False,False,True,False,True,True,False,True,0.05,171,False,False,False,False,False,False,False
sc_42_0084_false_premise,FALSE_PREMISE,naive_retrieval,2,False,False,True,False,True,True,False,True,0.06,172,False,False,False,False,False,False,False
sc_42_0084_false_premise,FALSE_PREMISE,raymember,2,False,False,True,False,True,True,False,True,208.09,222,False,False,False,False,False,False,False
sc_42_0084_false_premise,FALSE_PREMISE,raymember_grounded,2,True,True,False,False,False,False,False,True,218.76,16,True,True,False,False,True,False,False
sc_42_0085_current_state,CURRENT_STATE,baseline,2,False,False,True,True,False,False,False,False,0.01,85,False,False,False,False,False,False,False
sc_42_0085_current_state,CURRENT_STATE,full_context,2,False,False,True,True,True,True,False,False,0.04,171,False,False,False,False,False,False,False
sc_42_0085_current_state,CURRENT_STATE,naive_retrieval,2,False,False,True,True,True,True,False,False,0.07,172,False,False,False,False,False,False,False
sc_42_0085_current_state,CURRENT_STATE,raymember,2,False,False,True,True,False,True,False,False,205.64,221,False,False,False,False,False,False,False
sc_42_0085_current_state,CURRENT_STATE,raymember_grounded,2,False,False,True,True,True,True,False,True,233.77,13,True,True,False,False,False,False,False
sc_42_0086_conflict_resolution,CONFLICT_RESOLUTION,baseline,2,False,False,True,True,False,False,False,False,0.01,93,False,False,False,False,False,False,False
sc_42_0086_conflict_resolution,CONFLICT_RESOLUTION,full_context,2,True,True,False,False,False,False,False,True,0.10,182,False,False,False,False,False,False,False
sc_42_0086_conflict_resolution,CONFLICT_RESOLUTION,naive_retrieval,2,True,True,False,False,False,False,False,True,0.16,183,False,False,False,False,False,False,False
sc_42_0086_conflict_resolution,CONFLICT_RESOLUTION,raymember,2,True,True,False,False,False,False,False,True,221.48,275,False,False,False,False,False,False,False
sc_42_0086_conflict_resolution,CONFLICT_RESOLUTION,raymember_grounded,2,True,True,False,False,False,False,False,True,229.85,21,True,True,False,False,False,False,False
sc_42_0087_temporal_reasoning,TEMPORAL_REASONING,baseline,3,False,False,True,True,False,False,False,True,0.01,87,False,False,False,False,False,False,False
sc_42_0087_temporal_reasoning,TEMPORAL_REASONING,full_context,3,True,True,False,False,False,False,False,True,0.05,207,False,False,False,False,False,False,False
sc_42_0087_temporal_reasoning,TEMPORAL_REASONING,naive_retrieval,3,True,True,False,False,False,False,False,True,0.09,208,False,False,False,False,False,False,False
sc_42_0087_temporal_reasoning,TEMPORAL_REASONING,raymember,3,True,True,False,False,False,False,False,True,227.36,250,False,False,False,False,False,False,False
sc_42_0087_temporal_reasoning,TEMPORAL_REASONING,raymember_grounded,3,False,False,True,True,True,True,False,True,232.98,16,True,True,False,False,False,False,False
sc_42_0088_distractor_resistance,DISTRACTOR_RESISTANCE,baseline,250,False,False,True,True,False,False,False,False,0.01,83,False,False,False,False,False,False,False
sc_42_0088_distractor_resistance,DISTRACTOR_RESISTANCE,full_context,250,True,True,False,False,False,False,False,False,1.00,9262,False,False,False,False,False,False,False
sc_42_0088_distractor_resistance,DISTRACTOR_RESISTANCE,naive_retrieval,250,True,True,False,False,False,False,False,False,2.83,279,False,False,False,False,False,False,False
sc_42_0088_distractor_resistance,DISTRACTOR_RESISTANCE,raymember,250,True,True,False,False,False,False,False,False,4190.26,216,False,False,False,False,False,False,False
sc_42_0088_distractor_resistance,DISTRACTOR_RESISTANCE,raymember_grounded,250,True,True,False,False,False,False,False,True,4516.75,12,True,True,False,False,False,False,False
sc_42_0089_cross_session_persistence,CROSS_SESSION_PERSISTENCE,baseline,1,False,False,True,True,False,False,False,False,0.01,90,False,False,False,False,False,False,False
sc_42_0089_cross_session_persistence,CROSS_SESSION_PERSISTENCE,full_context,1,False,False,True,True,False,True,False,False,0.05,136,False,False,False,False,False,False,False
sc_42_0089_cross_session_persistence,CROSS_SESSION_PERSISTENCE,naive_retrieval,1,False,False,True,True,False,True,False,False,0.07,137,False,False,False,False,False,False,False
sc_42_0089_cross_session_persistence,CROSS_SESSION_PERSISTENCE,raymember,1,False,False,True,True,False,True,False,False,235.23,197,False,False,False,False,False,False,False
sc_42_0089_cross_session_persistence,CROSS_SESSION_PERSISTENCE,raymember_grounded,1,False,False,True,True,True,True,False,True,267.89,18,True,True,False,False,False,False,False
sc_42_0090_missing_info,MISSING_INFO,baseline,1,True,True,False,False,False,False,True,True,0.01,89,False,False,False,False,False,False,False
sc_42_0090_missing_info,MISSING_INFO,full_context,1,False,False,True,False,True,True,False,True,0.06,134,False,False,False,False,False,False,False
sc_42_0090_missing_info,MISSING_INFO,naive_retrieval,1,False,False,True,False,True,True,False,True,0.09,135,False,False,False,False,False,False,False
sc_42_0090_missing_info,MISSING_INFO,raymember,1,False,False,True,False,True,True,False,True,328.87,194,False,False,False,False,False,False,False
sc_42_0090_missing_info,MISSING_INFO,raymember_grounded,1,True,True,False,False,False,False,True,True,207.64,18,True,True,False,False,False,False,False
sc_42_0091_contradictory_evidence,CONTRADICTORY_EVIDENCE,baseline,2,False,False,True,True,False,False,False,False,0.01,94,False,False,False,False,False,False,False
sc_42_0091_contradictory_evidence,CONTRADICTORY_EVIDENCE,full_context,2,False,False,True,True,True,True,False,True,0.05,180,False,False,False,False,False,False,False
sc_42_0091_contradictory_evidence,CONTRADICTORY_EVIDENCE,naive_retrieval,2,False,False,True,True,True,True,False,True,0.08,181,False,False,False,False,False,False,False
sc_42_0091_contradictory_evidence,CONTRADICTORY_EVIDENCE,raymember,2,False,False,True,True,True,True,False,True,202.44,242,False,False,False,False,False,False,False
sc_42_0091_contradictory_evidence,CONTRADICTORY_EVIDENCE,raymember_grounded,2,False,False,True,True,True,True,False,False,210.46,23,True,True,False,False,False,False,False
sc_42_0092_uncertain_evidence,UNCERTAIN_EVIDENCE,baseline,2,True,True,False,False,False,False,True,True,0.01,83,False,False,False,False,False,False,False
sc_42_0092_uncertain_evidence,UNCERTAIN_EVIDENCE,full_context,2,False,False,True,False,True,True,False,True,0.04,165,False,False,False,False,False,False,False
sc_42_0092_uncertain_evidence,UNCERTAIN_EVIDENCE,naive_retrieval,2,False,False,True,False,True,True,False,True,0.09,166,False,False,False,False,False,False,False
sc_42_0092_uncertain_evidence,UNCERTAIN_EVIDENCE,raymember,2,True,True,False,False,False,False,True,True,207.94,212,False,False,False,False,False,False,False
sc_42_0092_uncertain_evidence,UNCERTAIN_EVIDENCE,raymember_grounded,2,False,False,True,False,True,False,False,True,209.24,11,True,True,False,False,False,False,False
sc_42_0093_distractor_hallucination,DISTRACTOR_HALLUCINATION,baseline,250,True,True,False,False,False,False,True,True,0.01,90,False,False,False,False,False,False,False
sc_42_0093_distractor_hallucination,DISTRACTOR_HALLUCINATION,full_context,250,False,False,True,False,True,True,False,True,1.05,11837,False,False,False,False,False,False,False
sc_42_0093_distractor_hallucination,DISTRACTOR_HALLUCINATION,naive_retrieval,250,False,False,True,False,True,True,False,True,3.39,323,False,False,False,False,False,False,False
sc_42_0093_distractor_hallucination,DISTRACTOR_HALLUCINATION,raymember,250,True,True,False,False,False,False,True,True,4278.12,193,False,False,False,False,False,False,False
sc_42_0093_distractor_hallucination,DISTRACTOR_HALLUCINATION,raymember_grounded,250,True,True,False,False,False,False,True,True,4661.00,18,True,True,False,False,False,False,False
sc_42_0094_temporal_hallucination,TEMPORAL_HALLUCINATION,baseline,1,True,True,False,False,False,False,True,True,0.05,92,False,False,False,False,False,False,False
sc_42_0094_temporal_hallucination,TEMPORAL_HALLUCINATION,full_context,1,False,False,True,False,True,True,False,True,0.04,138,False,False,False,False,False,False,False
sc_42_0094_temporal_hallucination,TEMPORAL_HALLUCINATION,naive_retrieval,1,False,False,True,False,True,True,False,True,0.10,139,False,False,False,False,False,False,False
sc_42_0094_temporal_hallucination,TEMPORAL_HALLUCINATION,raymember,1,False,False,True,False,True,True,False,True,216.45,202,False,False,False,False,False,False,False
sc_42_0094_temporal_hallucination,TEMPORAL_HALLUCINATION,raymember_grounded,1,True,True,False,False,False,False,True,True,250.95,21,True,True,False,False,False,False,True
sc_42_0095_entity_confusion,ENTITY_CONFUSION,baseline,2,False,False,True,True,False,False,False,False,0.01,83,False,False,False,False,False,False,False
sc_42_0095_entity_confusion,ENTITY_CONFUSION,full_context,2,True,True,False,False,False,False,False,False,0.06,166,False,False,False,False,False,True,False
sc_42_0095_entity_confusion,ENTITY_CONFUSION,naive_retrieval,2,True,True,False,False,False,False,False,False,0.15,167,False,False,False,False,False,True,False
sc_42_0095_entity_confusion,ENTITY_CONFUSION,raymember,2,True,True,False,False,False,False,False,False,245.25,182,False,False,False,False,False,True,False
sc_42_0095_entity_confusion,ENTITY_CONFUSION,raymember_grounded,2,True,True,False,False,False,False,False,True,256.02,11,True,True,False,False,False,True,False
sc_42_0096_false_premise,FALSE_PREMISE,baseline,2,False,False,True,False,True,False,False,True,0.01,87,False,False,False,False,False,False,False
sc_42_0096_false_premise,FALSE_PREMISE,full_context,2,False,False,True,False,True,True,False,True,0.07,171,False,False,False,False,False,False,False
sc_42_0096_false_premise,FALSE_PREMISE,naive_retrieval,2,False,False,True,False,True,True,False,True,0.12,172,False,False,False,False,False,False,False
sc_42_0096_false_premise,FALSE_PREMISE,raymember,2,False,False,True,False,True,True,False,True,230.34,222,False,False,False,False,False,False,False
sc_42_0096_false_premise,FALSE_PREMISE,raymember_grounded,2,True,True,False,False,False,False,False,True,232.19,16,True,True,False,False,True,False,False
sc_42_0097_current_state,CURRENT_STATE,baseline,2,False,False,True,True,False,False,False,False,0.01,85,False,False,False,False,False,False,False
sc_42_0097_current_state,CURRENT_STATE,full_context,2,False,False,True,True,True,True,False,False,0.06,168,False,False,False,False,False,False,False
sc_42_0097_current_state,CURRENT_STATE,naive_retrieval,2,False,False,True,True,True,True,False,False,0.14,169,False,False,False,False,False,False,False
sc_42_0097_current_state,CURRENT_STATE,raymember,2,False,False,True,True,True,True,False,False,232.53,216,False,False,False,False,False,False,False
sc_42_0097_current_state,CURRENT_STATE,raymember_grounded,2,False,False,True,True,True,True,False,True,255.00,13,True,True,False,False,False,False,False
sc_42_0098_conflict_resolution,CONFLICT_RESOLUTION,baseline,2,False,False,True,True,False,False,False,False,0.01,93,False,False,False,False,False,False,False
sc_42_0098_conflict_resolution,CONFLICT_RESOLUTION,full_context,2,True,True,False,False,False,False,False,True,0.08,182,False,False,False,False,False,False,False
sc_42_0098_conflict_resolution,CONFLICT_RESOLUTION,naive_retrieval,2,True,True,False,False,False,False,False,True,0.20,183,False,False,False,False,False,False,False
sc_42_0098_conflict_resolution,CONFLICT_RESOLUTION,raymember,2,True,True,False,False,False,False,False,True,238.71,275,False,False,False,False,False,False,False
sc_42_0098_conflict_resolution,CONFLICT_RESOLUTION,raymember_grounded,2,True,True,False,False,False,False,False,True,228.27,21,True,True,False,False,False,False,False
sc_42_0099_temporal_reasoning,TEMPORAL_REASONING,baseline,3,False,False,True,True,False,False,False,True,0.01,88,False,False,False,False,False,False,False
sc_42_0099_temporal_reasoning,TEMPORAL_REASONING,full_context,3,True,True,False,False,False,False,False,True,0.05,211,False,False,False,False,False,False,False
sc_42_0099_temporal_reasoning,TEMPORAL_REASONING,naive_retrieval,3,True,True,False,False,False,False,False,True,0.11,212,False,False,False,False,False,False,False
sc_42_0099_temporal_reasoning,TEMPORAL_REASONING,raymember,3,True,True,False,False,False,False,False,True,249.34,256,False,False,False,False,False,False,False
sc_42_0099_temporal_reasoning,TEMPORAL_REASONING,raymember_grounded,3,False,False,True,True,True,True,False,True,257.58,17,True,True,False,False,False,False,False
sc_42_0100_distractor_resistance,DISTRACTOR_RESISTANCE,baseline,1000,False,False,True,True,False,False,False,False,0.01,83,False,False,False,False,False,False,False
sc_42_0100_distractor_resistance,DISTRACTOR_RESISTANCE,full_context,1000,True,True,False,False,False,False,False,False,6.31,36733,False,False,False,False,False,False,False
sc_42_0100_distractor_resistance,DISTRACTOR_RESISTANCE,naive_retrieval,1000,True,True,False,False,False,False,False,False,20.07,279,False,False,False,False,False,False,False
sc_42_0100_distractor_resistance,DISTRACTOR_RESISTANCE,raymember,1000,True,True,False,False,False,False,False,False,18657.35,216,False,False,False,False,False,False,False
sc_42_0100_distractor_resistance,DISTRACTOR_RESISTANCE,raymember_grounded,1000,True,True,False,False,False,False,False,True,16831.89,12,True,True,False,False,False,False,False
sc_42_0101_cross_session_persistence,CROSS_SESSION_PERSISTENCE,baseline,1,False,False,True,True,False,False,False,False,0.01,90,False,False,False,False,False,False,False
sc_42_0101_cross_session_persistence,CROSS_SESSION_PERSISTENCE,full_context,1,False,False,True,True,False,True,False,False,0.05,136,False,False,False,False,False,False,False
sc_42_0101_cross_session_persistence,CROSS_SESSION_PERSISTENCE,naive_retrieval,1,False,False,True,True,False,True,False,False,0.06,137,False,False,False,False,False,False,False
sc_42_0101_cross_session_persistence,CROSS_SESSION_PERSISTENCE,raymember,1,False,False,True,True,False,True,False,False,219.70,197,False,False,False,False,False,False,False
sc_42_0101_cross_session_persistence,CROSS_SESSION_PERSISTENCE,raymember_grounded,1,False,False,True,True,True,True,False,True,279.05,18,True,True,False,False,False,False,False
sc_42_0102_missing_info,MISSING_INFO,baseline,1,True,True,False,False,False,False,True,True,0.03,89,False,False,False,False,False,False,False
sc_42_0102_missing_info,MISSING_INFO,full_context,1,False,False,True,False,True,True,False,True,0.05,134,False,False,False,False,False,False,False
sc_42_0102_missing_info,MISSING_INFO,naive_retrieval,1,False,False,True,False,True,True,False,True,0.07,135,False,False,False,False,False,False,False
sc_42_0102_missing_info,MISSING_INFO,raymember,1,False,False,True,False,True,True,False,True,204.02,194,False,False,False,False,False,False,False
sc_42_0102_missing_info,MISSING_INFO,raymember_grounded,1,True,True,False,False,False,False,True,True,208.89,18,True,True,False,False,False,False,False
sc_42_0103_contradictory_evidence,CONTRADICTORY_EVIDENCE,baseline,2,False,False,True,True,False,False,False,False,0.01,94,False,False,False,False,False,False,False
sc_42_0103_contradictory_evidence,CONTRADICTORY_EVIDENCE,full_context,2,False,False,True,True,True,True,False,True,0.06,180,False,False,False,False,False,False,False
sc_42_0103_contradictory_evidence,CONTRADICTORY_EVIDENCE,naive_retrieval,2,False,False,True,True,True,True,False,True,0.10,181,False,False,False,False,False,False,False
sc_42_0103_contradictory_evidence,CONTRADICTORY_EVIDENCE,raymember,2,False,False,True,True,True,True,False,True,207.96,242,False,False,False,False,False,False,False
sc_42_0103_contradictory_evidence,CONTRADICTORY_EVIDENCE,raymember_grounded,2,False,False,True,True,True,True,False,False,230.09,23,True,True,False,False,False,False,False
sc_42_0104_uncertain_evidence,UNCERTAIN_EVIDENCE,baseline,2,True,True,False,False,False,False,True,True,0.01,83,False,False,False,False,False,False,False
sc_42_0104_uncertain_evidence,UNCERTAIN_EVIDENCE,full_context,2,False,False,True,False,True,True,False,True,0.06,165,False,False,False,False,False,False,False
sc_42_0104_uncertain_evidence,UNCERTAIN_EVIDENCE,naive_retrieval,2,False,False,True,False,True,True,False,True,0.13,166,False,False,False,False,False,False,False
sc_42_0104_uncertain_evidence,UNCERTAIN_EVIDENCE,raymember,2,True,True,False,False,False,False,True,True,234.88,212,False,False,False,False,False,False,False
sc_42_0104_uncertain_evidence,UNCERTAIN_EVIDENCE,raymember_grounded,2,False,False,True,False,True,False,False,True,238.69,11,True,True,False,False,False,False,False
sc_42_0105_distractor_hallucination,DISTRACTOR_HALLUCINATION,baseline,1000,True,True,False,False,False,False,True,True,0.01,90,False,False,False,False,False,False,False
sc_42_0105_distractor_hallucination,DISTRACTOR_HALLUCINATION,full_context,1000,False,False,True,False,True,True,False,True,4.49,47087,False,False,False,False,False,False,False
sc_42_0105_distractor_hallucination,DISTRACTOR_HALLUCINATION,naive_retrieval,1000,False,False,True,False,True,True,False,True,11.35,323,False,False,False,False,False,False,False
sc_42_0105_distractor_hallucination,DISTRACTOR_HALLUCINATION,raymember,1000,True,True,False,False,False,False,True,True,20471.99,193,False,False,False,False,False,False,False
sc_42_0105_distractor_hallucination,DISTRACTOR_HALLUCINATION,raymember_grounded,1000,True,True,False,False,False,False,True,True,20076.39,18,True,True,False,False,False,False,False
sc_42_0106_temporal_hallucination,TEMPORAL_HALLUCINATION,baseline,1,True,True,False,False,False,False,True,True,0.05,92,False,False,False,False,False,False,False
sc_42_0106_temporal_hallucination,TEMPORAL_HALLUCINATION,full_context,1,False,False,True,False,True,True,False,True,0.02,138,False,False,False,False,False,False,False
sc_42_0106_temporal_hallucination,TEMPORAL_HALLUCINATION,naive_retrieval,1,False,False,True,False,True,True,False,True,0.07,139,False,False,False,False,False,False,False
sc_42_0106_temporal_hallucination,TEMPORAL_HALLUCINATION,raymember,1,False,False,True,False,True,True,False,True,200.34,202,False,False,False,False,False,False,False
sc_42_0106_temporal_hallucination,TEMPORAL_HALLUCINATION,raymember_grounded,1,True,True,False,False,False,False,True,True,235.29,21,True,True,False,False,False,False,True
sc_42_0107_entity_confusion,ENTITY_CONFUSION,baseline,2,False,False,True,True,False,False,False,False,0.01,83,False,False,False,False,False,False,False
sc_42_0107_entity_confusion,ENTITY_CONFUSION,full_context,2,True,True,False,False,False,False,False,False,0.04,166,False,False,False,False,False,True,False
sc_42_0107_entity_confusion,ENTITY_CONFUSION,naive_retrieval,2,True,True,False,False,False,False,False,False,0.06,167,False,False,False,False,False,True,False
sc_42_0107_entity_confusion,ENTITY_CONFUSION,raymember,2,True,True,False,False,False,False,False,False,219.31,182,False,False,False,False,False,True,False
sc_42_0107_entity_confusion,ENTITY_CONFUSION,raymember_grounded,2,True,True,False,False,False,False,False,True,236.10,11,True,True,False,False,False,True,False
sc_42_0108_false_premise,FALSE_PREMISE,baseline,2,False,False,True,False,True,False,False,True,0.01,87,False,False,False,False,False,False,False
sc_42_0108_false_premise,FALSE_PREMISE,full_context,2,False,False,True,False,True,True,False,True,0.06,171,False,False,False,False,False,False,False
sc_42_0108_false_premise,FALSE_PREMISE,naive_retrieval,2,False,False,True,False,True,True,False,True,0.13,172,False,False,False,False,False,False,False
sc_42_0108_false_premise,FALSE_PREMISE,raymember,2,False,False,True,False,True,True,False,True,226.32,222,False,False,False,False,False,False,False
sc_42_0108_false_premise,FALSE_PREMISE,raymember_grounded,2,True,True,False,False,False,False,False,True,226.30,16,True,True,False,False,True,False,False
sc_42_0109_current_state,CURRENT_STATE,baseline,2,False,False,True,True,False,False,False,False,0.01,85,False,False,False,False,False,False,False
sc_42_0109_current_state,CURRENT_STATE,full_context,2,False,False,True,True,True,True,False,False,0.09,171,False,False,False,False,False,False,False
sc_42_0109_current_state,CURRENT_STATE,naive_retrieval,2,False,False,True,True,True,True,False,False,0.08,172,False,False,False,False,False,False,False
sc_42_0109_current_state,CURRENT_STATE,raymember,2,False,False,True,True,False,True,False,False,216.98,221,False,False,False,False,False,False,False
sc_42_0109_current_state,CURRENT_STATE,raymember_grounded,2,False,False,True,True,True,True,False,True,208.77,13,True,True,False,False,False,False,False
sc_42_0110_conflict_resolution,CONFLICT_RESOLUTION,baseline,2,False,False,True,True,False,False,False,False,0.01,93,False,False,False,False,False,False,False
sc_42_0110_conflict_resolution,CONFLICT_RESOLUTION,full_context,2,True,True,False,False,False,False,False,True,0.05,182,False,False,False,False,False,False,False
sc_42_0110_conflict_resolution,CONFLICT_RESOLUTION,naive_retrieval,2,True,True,False,False,False,False,False,True,0.08,183,False,False,False,False,False,False,False
sc_42_0110_conflict_resolution,CONFLICT_RESOLUTION,raymember,2,True,True,False,False,False,False,False,True,209.52,275,False,False,False,False,False,False,False
sc_42_0110_conflict_resolution,CONFLICT_RESOLUTION,raymember_grounded,2,True,True,False,False,False,False,False,True,219.16,21,True,True,False,False,False,False,False
sc_42_0111_temporal_reasoning,TEMPORAL_REASONING,baseline,3,False,False,True,True,False,False,False,True,0.01,87,False,False,False,False,False,False,False
sc_42_0111_temporal_reasoning,TEMPORAL_REASONING,full_context,3,True,True,False,False,False,False,False,True,0.06,207,False,False,False,False,False,False,False
sc_42_0111_temporal_reasoning,TEMPORAL_REASONING,naive_retrieval,3,True,True,False,False,False,False,False,True,0.16,208,False,False,False,False,False,False,False
sc_42_0111_temporal_reasoning,TEMPORAL_REASONING,raymember,3,True,True,False,False,False,False,False,True,226.78,250,False,False,False,False,False,False,False
sc_42_0111_temporal_reasoning,TEMPORAL_REASONING,raymember_grounded,3,False,False,True,True,True,True,False,True,246.37,16,True,True,False,False,False,False,False
sc_42_0112_distractor_resistance,DISTRACTOR_RESISTANCE,baseline,100,False,False,True,True,False,False,False,False,0.01,83,False,False,False,False,False,False,False
sc_42_0112_distractor_resistance,DISTRACTOR_RESISTANCE,full_context,100,True,True,False,False,False,False,False,False,0.77,3839,False,False,False,False,False,False,False
sc_42_0112_distractor_resistance,DISTRACTOR_RESISTANCE,naive_retrieval,100,True,True,False,False,False,False,False,False,2.22,279,False,False,False,False,False,False,False
sc_42_0112_distractor_resistance,DISTRACTOR_RESISTANCE,raymember,100,True,True,False,False,False,False,False,False,1703.84,216,False,False,False,False,False,False,False
sc_42_0112_distractor_resistance,DISTRACTOR_RESISTANCE,raymember_grounded,100,True,True,False,False,False,False,False,True,1812.39,12,True,True,False,False,False,False,False
sc_42_0113_cross_session_persistence,CROSS_SESSION_PERSISTENCE,baseline,1,False,False,True,True,False,False,False,False,0.01,90,False,False,False,False,False,False,False
sc_42_0113_cross_session_persistence,CROSS_SESSION_PERSISTENCE,full_context,1,False,False,True,True,False,True,False,False,0.04,136,False,False,False,False,False,False,False
sc_42_0113_cross_session_persistence,CROSS_SESSION_PERSISTENCE,naive_retrieval,1,False,False,True,True,False,True,False,False,0.06,137,False,False,False,False,False,False,False
sc_42_0113_cross_session_persistence,CROSS_SESSION_PERSISTENCE,raymember,1,False,False,True,True,False,True,False,False,228.97,197,False,False,False,False,False,False,False
sc_42_0113_cross_session_persistence,CROSS_SESSION_PERSISTENCE,raymember_grounded,1,False,False,True,True,True,True,False,True,257.68,18,True,True,False,False,False,False,False
sc_42_0114_missing_info,MISSING_INFO,baseline,1,True,True,False,False,False,False,True,True,0.01,89,False,False,False,False,False,False,False
sc_42_0114_missing_info,MISSING_INFO,full_context,1,False,False,True,False,True,True,False,True,0.04,134,False,False,False,False,False,False,False
sc_42_0114_missing_info,MISSING_INFO,naive_retrieval,1,False,False,True,False,True,True,False,True,0.06,135,False,False,False,False,False,False,False
sc_42_0114_missing_info,MISSING_INFO,raymember,1,False,False,True,False,True,True,False,True,211.62,194,False,False,False,False,False,False,False
sc_42_0114_missing_info,MISSING_INFO,raymember_grounded,1,True,True,False,False,False,False,True,True,215.36,18,True,True,False,False,False,False,False
sc_42_0115_contradictory_evidence,CONTRADICTORY_EVIDENCE,baseline,2,False,False,True,True,False,False,False,False,0.01,94,False,False,False,False,False,False,False
sc_42_0115_contradictory_evidence,CONTRADICTORY_EVIDENCE,full_context,2,False,False,True,True,True,True,False,True,0.07,180,False,False,False,False,False,False,False
sc_42_0115_contradictory_evidence,CONTRADICTORY_EVIDENCE,naive_retrieval,2,False,False,True,True,True,True,False,True,0.07,181,False,False,False,False,False,False,False
sc_42_0115_contradictory_evidence,CONTRADICTORY_EVIDENCE,raymember,2,False,False,True,True,True,True,False,True,202.44,242,False,False,False,False,False,False,False
sc_42_0115_contradictory_evidence,CONTRADICTORY_EVIDENCE,raymember_grounded,2,False,False,True,True,True,True,False,False,214.73,23,True,True,False,False,False,False,False
sc_42_0116_uncertain_evidence,UNCERTAIN_EVIDENCE,baseline,2,True,True,False,False,False,False,True,True,0.01,83,False,False,False,False,False,False,False
sc_42_0116_uncertain_evidence,UNCERTAIN_EVIDENCE,full_context,2,False,False,True,False,True,True,False,True,0.04,165,False,False,False,False,False,False,False
sc_42_0116_uncertain_evidence,UNCERTAIN_EVIDENCE,naive_retrieval,2,False,False,True,False,True,True,False,True,0.08,166,False,False,False,False,False,False,False
sc_42_0116_uncertain_evidence,UNCERTAIN_EVIDENCE,raymember,2,True,True,False,False,False,False,True,True,207.19,212,False,False,False,False,False,False,False
sc_42_0116_uncertain_evidence,UNCERTAIN_EVIDENCE,raymember_grounded,2,False,False,True,False,True,False,False,True,211.33,11,True,True,False,False,False,False,False
sc_42_0117_distractor_hallucination,DISTRACTOR_HALLUCINATION,baseline,100,True,True,False,False,False,False,True,True,0.01,90,False,False,False,False,False,False,False
sc_42_0117_distractor_hallucination,DISTRACTOR_HALLUCINATION,full_context,100,False,False,True,False,True,True,False,True,0.41,4787,False,False,False,False,False,False,False
sc_42_0117_distractor_hallucination,DISTRACTOR_HALLUCINATION,naive_retrieval,100,False,False,True,False,True,True,False,True,1.33,323,False,False,False,False,False,False,False
sc_42_0117_distractor_hallucination,DISTRACTOR_HALLUCINATION,raymember,100,True,True,False,False,False,False,True,True,1792.79,193,False,False,False,False,False,False,False
sc_42_0117_distractor_hallucination,DISTRACTOR_HALLUCINATION,raymember_grounded,100,True,True,False,False,False,False,True,True,1808.77,18,True,True,False,False,False,False,False
sc_42_0118_temporal_hallucination,TEMPORAL_HALLUCINATION,baseline,1,True,True,False,False,False,False,True,True,0.05,92,False,False,False,False,False,False,False
sc_42_0118_temporal_hallucination,TEMPORAL_HALLUCINATION,full_context,1,False,False,True,False,True,True,False,True,0.02,138,False,False,False,False,False,False,False
sc_42_0118_temporal_hallucination,TEMPORAL_HALLUCINATION,naive_retrieval,1,False,False,True,False,True,True,False,True,0.06,139,False,False,False,False,False,False,False
sc_42_0118_temporal_hallucination,TEMPORAL_HALLUCINATION,raymember,1,False,False,True,False,True,True,False,True,186.15,202,False,False,False,False,False,False,False
sc_42_0118_temporal_hallucination,TEMPORAL_HALLUCINATION,raymember_grounded,1,True,True,False,False,False,False,True,True,195.02,21,True,True,False,False,False,False,True
sc_42_0119_entity_confusion,ENTITY_CONFUSION,baseline,2,False,False,True,True,False,False,False,False,0.01,83,False,False,False,False,False,False,False
sc_42_0119_entity_confusion,ENTITY_CONFUSION,full_context,2,True,True,False,False,False,False,False,False,0.04,166,False,False,False,False,False,True,False
sc_42_0119_entity_confusion,ENTITY_CONFUSION,naive_retrieval,2,True,True,False,False,False,False,False,False,0.09,167,False,False,False,False,False,True,False
sc_42_0119_entity_confusion,ENTITY_CONFUSION,raymember,2,True,True,False,False,False,False,False,False,206.62,182,False,False,False,False,False,True,False
sc_42_0119_entity_confusion,ENTITY_CONFUSION,raymember_grounded,2,True,True,False,False,False,False,False,True,213.32,11,True,True,False,False,False,True,False
sc_42_0120_false_premise,FALSE_PREMISE,baseline,2,False,False,True,False,True,False,False,True,0.01,87,False,False,False,False,False,False,False
sc_42_0120_false_premise,FALSE_PREMISE,full_context,2,False,False,True,False,True,True,False,True,0.06,171,False,False,False,False,False,False,False
sc_42_0120_false_premise,FALSE_PREMISE,naive_retrieval,2,False,False,True,False,True,True,False,True,0.09,172,False,False,False,False,False,False,False
sc_42_0120_false_premise,FALSE_PREMISE,raymember,2,False,False,True,False,True,True,False,True,216.46,222,False,False,False,False,False,False,False
sc_42_0120_false_premise,FALSE_PREMISE,raymember_grounded,2,True,True,False,False,False,False,False,True,232.50,16,True,True,False,False,True,False,False
sc_42_0001_current_state,CURRENT_STATE,baseline,2,False,False,True,True,False,False,False,False,0.01,85,False,False,False,False,False,False,False
sc_42_0001_current_state,CURRENT_STATE,full_context,2,False,False,True,True,True,True,False,False,0.07,168,False,False,False,False,False,False,False
sc_42_0001_current_state,CURRENT_STATE,naive_retrieval,2,False,False,True,True,True,True,False,False,0.16,169,False,False,False,False,False,False,False
sc_42_0001_current_state,CURRENT_STATE,raymember,2,False,False,True,True,True,True,False,False,215.38,216,False,False,False,False,False,False,False
sc_42_0001_current_state,CURRENT_STATE,raymember_grounded,2,False,False,True,True,True,True,False,True,221.50,13,True,True,False,False,False,False,False
sc_42_0002_conflict_resolution,CONFLICT_RESOLUTION,baseline,2,False,False,True,True,False,False,False,False,0.01,93,False,False,False,False,False,False,False
sc_42_0002_conflict_resolution,CONFLICT_RESOLUTION,full_context,2,True,True,False,False,False,False,False,True,0.08,182,False,False,False,False,False,False,False
sc_42_0002_conflict_resolution,CONFLICT_RESOLUTION,naive_retrieval,2,True,True,False,False,False,False,False,True,0.10,183,False,False,False,False,False,False,False
sc_42_0002_conflict_resolution,CONFLICT_RESOLUTION,raymember,2,True,True,False,False,False,False,False,True,208.36,275,False,False,False,False,False,False,False
sc_42_0002_conflict_resolution,CONFLICT_RESOLUTION,raymember_grounded,2,True,True,False,False,False,False,False,True,229.34,21,True,True,False,False,False,False,False
sc_42_0003_temporal_reasoning,TEMPORAL_REASONING,baseline,3,False,False,True,True,False,False,False,True,0.01,88,False,False,False,False,False,False,False
sc_42_0003_temporal_reasoning,TEMPORAL_REASONING,full_context,3,True,True,False,False,False,False,False,True,0.04,211,False,False,False,False,False,False,False
sc_42_0003_temporal_reasoning,TEMPORAL_REASONING,naive_retrieval,3,True,True,False,False,False,False,False,True,0.09,212,False,False,False,False,False,False,False
sc_42_0003_temporal_reasoning,TEMPORAL_REASONING,raymember,3,True,True,False,False,False,False,False,True,231.13,256,False,False,False,False,False,False,False
sc_42_0003_temporal_reasoning,TEMPORAL_REASONING,raymember_grounded,3,False,False,True,True,True,True,False,True,229.60,17,True,True,False,False,False,False,False
sc_42_0004_distractor_resistance,DISTRACTOR_RESISTANCE,baseline,500,False,False,True,True,False,False,False,False,0.01,83,False,False,False,False,False,False,False
sc_42_0004_distractor_resistance,DISTRACTOR_RESISTANCE,full_context,500,True,True,False,False,False,False,False,False,2.14,18426,False,False,False,False,False,False,False
sc_42_0004_distractor_resistance,DISTRACTOR_RESISTANCE,naive_retrieval,500,True,True,False,False,False,False,False,False,5.40,279,False,False,False,False,False,False,False
sc_42_0004_distractor_resistance,DISTRACTOR_RESISTANCE,raymember,500,True,True,False,False,False,False,False,False,10028.56,216,False,False,False,False,False,False,False
sc_42_0004_distractor_resistance,DISTRACTOR_RESISTANCE,raymember_grounded,500,True,True,False,False,False,False,False,True,10090.18,12,True,True,False,False,False,False,False
sc_42_0005_cross_session_persistence,CROSS_SESSION_PERSISTENCE,baseline,1,False,False,True,True,False,False,False,False,0.01,90,False,False,False,False,False,False,False
sc_42_0005_cross_session_persistence,CROSS_SESSION_PERSISTENCE,full_context,1,False,False,True,True,False,True,False,False,0.05,136,False,False,False,False,False,False,False
sc_42_0005_cross_session_persistence,CROSS_SESSION_PERSISTENCE,naive_retrieval,1,False,False,True,True,False,True,False,False,0.08,137,False,False,False,False,False,False,False
sc_42_0005_cross_session_persistence,CROSS_SESSION_PERSISTENCE,raymember,1,False,False,True,True,False,True,False,False,220.46,197,False,False,False,False,False,False,False
sc_42_0005_cross_session_persistence,CROSS_SESSION_PERSISTENCE,raymember_grounded,1,False,False,True,True,True,True,False,True,254.07,18,True,True,False,False,False,False,False
sc_42_0006_missing_info,MISSING_INFO,baseline,1,True,True,False,False,False,False,True,True,0.01,89,False,False,False,False,False,False,False
sc_42_0006_missing_info,MISSING_INFO,full_context,1,False,False,True,False,True,True,False,True,0.04,134,False,False,False,False,False,False,False
sc_42_0006_missing_info,MISSING_INFO,naive_retrieval,1,False,False,True,False,True,True,False,True,0.07,135,False,False,False,False,False,False,False
sc_42_0006_missing_info,MISSING_INFO,raymember,1,False,False,True,False,True,True,False,True,211.72,194,False,False,False,False,False,False,False
sc_42_0006_missing_info,MISSING_INFO,raymember_grounded,1,True,True,False,False,False,False,True,True,216.99,18,True,True,False,False,False,False,False
sc_42_0007_contradictory_evidence,CONTRADICTORY_EVIDENCE,baseline,2,False,False,True,True,False,False,False,False,0.01,94,False,False,False,False,False,False,False
sc_42_0007_contradictory_evidence,CONTRADICTORY_EVIDENCE,full_context,2,False,False,True,True,True,True,False,True,0.06,180,False,False,False,False,False,False,False
sc_42_0007_contradictory_evidence,CONTRADICTORY_EVIDENCE,naive_retrieval,2,False,False,True,True,True,True,False,True,0.08,181,False,False,False,False,False,False,False
sc_42_0007_contradictory_evidence,CONTRADICTORY_EVIDENCE,raymember,2,False,False,True,True,True,True,False,True,215.97,241,False,False,False,False,False,False,False
sc_42_0007_contradictory_evidence,CONTRADICTORY_EVIDENCE,raymember_grounded,2,False,False,True,True,True,True,False,False,223.40,22,True,True,False,False,False,False,False
sc_42_0008_uncertain_evidence,UNCERTAIN_EVIDENCE,baseline,2,True,True,False,False,False,False,True,True,0.01,83,False,False,False,False,False,False,False
sc_42_0008_uncertain_evidence,UNCERTAIN_EVIDENCE,full_context,2,False,False,True,False,True,True,False,True,0.04,165,False,False,False,False,False,False,False
sc_42_0008_uncertain_evidence,UNCERTAIN_EVIDENCE,naive_retrieval,2,False,False,True,False,True,True,False,True,0.07,166,False,False,False,False,False,False,False
sc_42_0008_uncertain_evidence,UNCERTAIN_EVIDENCE,raymember,2,True,True,False,False,False,False,True,True,213.29,211,False,False,False,False,False,False,False
sc_42_0008_uncertain_evidence,UNCERTAIN_EVIDENCE,raymember_grounded,2,False,False,True,False,True,False,False,True,216.65,11,True,True,False,False,False,False,False
sc_42_0009_distractor_hallucination,DISTRACTOR_HALLUCINATION,baseline,500,True,True,False,False,False,False,True,True,0.01,90,False,False,False,False,False,False,False
sc_42_0009_distractor_hallucination,DISTRACTOR_HALLUCINATION,full_context,500,False,False,True,False,True,True,False,True,2.20,23587,False,False,False,False,False,False,False
sc_42_0009_distractor_hallucination,DISTRACTOR_HALLUCINATION,naive_retrieval,500,False,False,True,False,True,True,False,True,5.68,323,False,False,False,False,False,False,False
sc_42_0009_distractor_hallucination,DISTRACTOR_HALLUCINATION,raymember,500,True,True,False,False,False,False,True,True,9426.40,193,False,False,False,False,False,False,False
sc_42_0009_distractor_hallucination,DISTRACTOR_HALLUCINATION,raymember_grounded,500,True,True,False,False,False,False,True,True,9355.23,18,True,True,False,False,False,False,False
sc_42_0010_temporal_hallucination,TEMPORAL_HALLUCINATION,baseline,1,True,True,False,False,False,False,True,True,0.04,92,False,False,False,False,False,False,False
sc_42_0010_temporal_hallucination,TEMPORAL_HALLUCINATION,full_context,1,False,False,True,False,True,True,False,True,0.03,138,False,False,False,False,False,False,False
sc_42_0010_temporal_hallucination,TEMPORAL_HALLUCINATION,naive_retrieval,1,False,False,True,False,True,True,False,True,0.07,139,False,False,False,False,False,False,False
sc_42_0010_temporal_hallucination,TEMPORAL_HALLUCINATION,raymember,1,False,False,True,False,True,True,False,True,190.92,202,False,False,False,False,False,False,False
sc_42_0010_temporal_hallucination,TEMPORAL_HALLUCINATION,raymember_grounded,1,True,True,False,False,False,False,True,True,195.11,21,True,True,False,False,False,False,True
sc_42_0011_entity_confusion,ENTITY_CONFUSION,baseline,2,False,False,True,True,False,False,False,False,0.01,83,False,False,False,False,False,False,False
sc_42_0011_entity_confusion,ENTITY_CONFUSION,full_context,2,True,True,False,False,False,False,False,False,0.04,166,False,False,False,False,False,True,False
sc_42_0011_entity_confusion,ENTITY_CONFUSION,naive_retrieval,2,True,True,False,False,False,False,False,False,0.09,167,False,False,False,False,False,True,False
sc_42_0011_entity_confusion,ENTITY_CONFUSION,raymember,2,True,True,False,False,False,False,False,False,246.01,182,False,False,False,False,False,True,False
sc_42_0011_entity_confusion,ENTITY_CONFUSION,raymember_grounded,2,True,True,False,False,False,False,False,True,215.95,11,True,True,False,False,False,True,False
sc_42_0012_false_premise,FALSE_PREMISE,baseline,2,False,False,True,False,True,False,False,True,0.01,87,False,False,False,False,False,False,False
sc_42_0012_false_premise,FALSE_PREMISE,full_context,2,False,False,True,False,True,True,False,True,0.05,171,False,False,False,False,False,False,False
sc_42_0012_false_premise,FALSE_PREMISE,naive_retrieval,2,False,False,True,False,True,True,False,True,0.09,172,False,False,False,False,False,False,False
sc_42_0012_false_premise,FALSE_PREMISE,raymember,2,False,False,True,False,True,True,False,True,211.50,222,False,False,False,False,False,False,False
sc_42_0012_false_premise,FALSE_PREMISE,raymember_grounded,2,True,True,False,False,False,False,False,True,213.64,16,True,True,False,False,True,False,False
sc_42_0013_current_state,CURRENT_STATE,baseline,2,False,False,True,True,False,False,False,False,0.01,85,False,False,False,False,False,False,False
sc_42_0013_current_state,CURRENT_STATE,full_context,2,False,False,True,True,True,True,False,False,0.04,171,False,False,False,False,False,False,False
sc_42_0013_current_state,CURRENT_STATE,naive_retrieval,2,False,False,True,True,True,True,False,False,0.07,172,False,False,False,False,False,False,False
sc_42_0013_current_state,CURRENT_STATE,raymember,2,False,False,True,True,False,True,False,False,218.15,221,False,False,False,False,False,False,False
sc_42_0013_current_state,CURRENT_STATE,raymember_grounded,2,False,False,True,True,True,True,False,True,232.85,13,True,True,False,False,False,False,False
sc_42_0014_conflict_resolution,CONFLICT_RESOLUTION,baseline,2,False,False,True,True,False,False,False,False,0.01,93,False,False,False,False,False,False,False
sc_42_0014_conflict_resolution,CONFLICT_RESOLUTION,full_context,2,True,True,False,False,False,False,False,True,0.07,182,False,False,False,False,False,False,False
sc_42_0014_conflict_resolution,CONFLICT_RESOLUTION,naive_retrieval,2,True,True,False,False,False,False,False,True,0.08,183,False,False,False,False,False,False,False
sc_42_0014_conflict_resolution,CONFLICT_RESOLUTION,raymember,2,True,True,False,False,False,False,False,True,232.26,275,False,False,False,False,False,False,False
sc_42_0014_conflict_resolution,CONFLICT_RESOLUTION,raymember_grounded,2,True,True,False,False,False,False,False,True,238.61,21,True,True,False,False,False,False,False
sc_42_0015_temporal_reasoning,TEMPORAL_REASONING,baseline,3,False,False,True,True,False,False,False,True,0.01,87,False,False,False,False,False,False,False
sc_42_0015_temporal_reasoning,TEMPORAL_REASONING,full_context,3,True,True,False,False,False,False,False,True,0.06,207,False,False,False,False,False,False,False
sc_42_0015_temporal_reasoning,TEMPORAL_REASONING,naive_retrieval,3,True,True,False,False,False,False,False,True,0.14,208,False,False,False,False,False,False,False
sc_42_0015_temporal_reasoning,TEMPORAL_REASONING,raymember,3,True,True,False,False,False,False,False,True,266.06,250,False,False,False,False,False,False,False
sc_42_0015_temporal_reasoning,TEMPORAL_REASONING,raymember_grounded,3,False,False,True,True,True,True,False,True,250.33,16,True,True,False,False,False,False,False
sc_42_0016_distractor_resistance,DISTRACTOR_RESISTANCE,baseline,50,False,False,True,True,False,False,False,False,0.01,83,False,False,False,False,False,False,False
sc_42_0016_distractor_resistance,DISTRACTOR_RESISTANCE,full_context,50,True,True,False,False,False,False,False,False,0.39,1966,False,False,False,False,False,False,False
sc_42_0016_distractor_resistance,DISTRACTOR_RESISTANCE,naive_retrieval,50,True,True,False,False,False,False,False,False,0.69,279,False,False,False,False,False,False,False
sc_42_0016_distractor_resistance,DISTRACTOR_RESISTANCE,raymember,50,True,True,False,False,False,False,False,False,946.65,216,False,False,False,False,False,False,False
sc_42_0016_distractor_resistance,DISTRACTOR_RESISTANCE,raymember_grounded,50,True,True,False,False,False,False,False,True,1078.54,12,True,True,False,False,False,False,False
sc_42_0017_cross_session_persistence,CROSS_SESSION_PERSISTENCE,baseline,1,False,False,True,True,False,False,False,False,0.01,90,False,False,False,False,False,False,False
sc_42_0017_cross_session_persistence,CROSS_SESSION_PERSISTENCE,full_context,1,False,False,True,True,False,True,False,False,0.05,136,False,False,False,False,False,False,False
sc_42_0017_cross_session_persistence,CROSS_SESSION_PERSISTENCE,naive_retrieval,1,False,False,True,True,False,True,False,False,0.07,137,False,False,False,False,False,False,False
sc_42_0017_cross_session_persistence,CROSS_SESSION_PERSISTENCE,raymember,1,False,False,True,True,False,True,False,False,219.35,197,False,False,False,False,False,False,False
sc_42_0017_cross_session_persistence,CROSS_SESSION_PERSISTENCE,raymember_grounded,1,False,False,True,True,True,True,False,True,227.41,18,True,True,False,False,False,False,False
sc_42_0018_missing_info,MISSING_INFO,baseline,1,True,True,False,False,False,False,True,True,0.01,89,False,False,False,False,False,False,False
sc_42_0018_missing_info,MISSING_INFO,full_context,1,False,False,True,False,True,True,False,True,0.03,134,False,False,False,False,False,False,False
sc_42_0018_missing_info,MISSING_INFO,naive_retrieval,1,False,False,True,False,True,True,False,True,0.04,135,False,False,False,False,False,False,False
sc_42_0018_missing_info,MISSING_INFO,raymember,1,False,False,True,False,True,True,False,True,194.37,194,False,False,False,False,False,False,False
sc_42_0018_missing_info,MISSING_INFO,raymember_grounded,1,True,True,False,False,False,False,True,True,199.35,18,True,True,False,False,False,False,False
sc_42_0019_contradictory_evidence,CONTRADICTORY_EVIDENCE,baseline,2,False,False,True,True,False,False,False,False,0.01,94,False,False,False,False,False,False,False
sc_42_0019_contradictory_evidence,CONTRADICTORY_EVIDENCE,full_context,2,False,False,True,True,True,True,False,True,0.09,180,False,False,False,False,False,False,False
sc_42_0019_contradictory_evidence,CONTRADICTORY_EVIDENCE,naive_retrieval,2,False,False,True,True,True,True,False,True,0.12,181,False,False,False,False,False,False,False
sc_42_0019_contradictory_evidence,CONTRADICTORY_EVIDENCE,raymember,2,False,False,True,True,True,True,False,True,211.29,241,False,False,False,False,False,False,False
sc_42_0019_contradictory_evidence,CONTRADICTORY_EVIDENCE,raymember_grounded,2,False,False,True,True,True,True,False,False,243.36,22,True,True,False,False,False,False,False
sc_42_0020_uncertain_evidence,UNCERTAIN_EVIDENCE,baseline,2,True,True,False,False,False,False,True,True,0.01,83,False,False,False,False,False,False,False
sc_42_0020_uncertain_evidence,UNCERTAIN_EVIDENCE,full_context,2,False,False,True,False,True,True,False,True,0.08,165,False,False,False,False,False,False,False
sc_42_0020_uncertain_evidence,UNCERTAIN_EVIDENCE,naive_retrieval,2,False,False,True,False,True,True,False,True,0.14,166,False,False,False,False,False,False,False
sc_42_0020_uncertain_evidence,UNCERTAIN_EVIDENCE,raymember,2,True,True,False,False,False,False,True,True,246.82,211,False,False,False,False,False,False,False
sc_42_0020_uncertain_evidence,UNCERTAIN_EVIDENCE,raymember_grounded,2,False,False,True,False,True,False,False,True,218.12,11,True,True,False,False,False,False,False
sc_42_0021_distractor_hallucination,DISTRACTOR_HALLUCINATION,baseline,50,True,True,False,False,False,False,True,True,0.01,90,False,False,False,False,False,False,False
sc_42_0021_distractor_hallucination,DISTRACTOR_HALLUCINATION,full_context,50,False,False,True,False,True,True,False,True,0.39,2437,False,False,False,False,False,False,False
sc_42_0021_distractor_hallucination,DISTRACTOR_HALLUCINATION,naive_retrieval,50,False,False,True,False,True,True,False,True,0.68,323,False,False,False,False,False,False,False
sc_42_0021_distractor_hallucination,DISTRACTOR_HALLUCINATION,raymember,50,True,True,False,False,False,False,True,True,955.00,193,False,False,False,False,False,False,False
sc_42_0021_distractor_hallucination,DISTRACTOR_HALLUCINATION,raymember_grounded,50,True,True,False,False,False,False,True,True,1054.08,18,True,True,False,False,False,False,False
sc_42_0022_temporal_hallucination,TEMPORAL_HALLUCINATION,baseline,1,True,True,False,False,False,False,True,True,0.03,92,False,False,False,False,False,False,False
sc_42_0022_temporal_hallucination,TEMPORAL_HALLUCINATION,full_context,1,False,False,True,False,True,True,False,True,0.02,138,False,False,False,False,False,False,False
sc_42_0022_temporal_hallucination,TEMPORAL_HALLUCINATION,naive_retrieval,1,False,False,True,False,True,True,False,True,0.06,139,False,False,False,False,False,False,False
sc_42_0022_temporal_hallucination,TEMPORAL_HALLUCINATION,raymember,1,False,False,True,False,True,True,False,True,204.17,202,False,False,False,False,False,False,False
sc_42_0022_temporal_hallucination,TEMPORAL_HALLUCINATION,raymember_grounded,1,True,True,False,False,False,False,True,True,379.26,21,True,True,False,False,False,False,True
sc_42_0023_entity_confusion,ENTITY_CONFUSION,baseline,2,False,False,True,True,False,False,False,False,0.01,83,False,False,False,False,False,False,False
sc_42_0023_entity_confusion,ENTITY_CONFUSION,full_context,2,True,True,False,False,False,False,False,False,0.04,166,False,False,False,False,False,True,False
sc_42_0023_entity_confusion,ENTITY_CONFUSION,naive_retrieval,2,True,True,False,False,False,False,False,False,0.07,167,False,False,False,False,False,True,False
sc_42_0023_entity_confusion,ENTITY_CONFUSION,raymember,2,True,True,False,False,False,False,False,False,231.48,182,False,False,False,False,False,True,False
sc_42_0023_entity_confusion,ENTITY_CONFUSION,raymember_grounded,2,True,True,False,False,False,False,False,True,231.91,11,True,True,False,False,False,True,False
sc_42_0024_false_premise,FALSE_PREMISE,baseline,2,False,False,True,False,True,False,False,True,0.01,87,False,False,False,False,False,False,False
sc_42_0024_false_premise,FALSE_PREMISE,full_context,2,False,False,True,False,True,True,False,True,0.05,171,False,False,False,False,False,False,False
sc_42_0024_false_premise,FALSE_PREMISE,naive_retrieval,2,False,False,True,False,True,True,False,True,0.09,172,False,False,False,False,False,False,False
sc_42_0024_false_premise,FALSE_PREMISE,raymember,2,False,False,True,False,True,True,False,True,229.22,222,False,False,False,False,False,False,False
sc_42_0024_false_premise,FALSE_PREMISE,raymember_grounded,2,True,True,False,False,False,False,False,True,248.20,16,True,True,False,False,True,False,False
sc_42_0025_current_state,CURRENT_STATE,baseline,2,False,False,True,True,False,False,False,False,0.01,85,False,False,False,False,False,False,False
sc_42_0025_current_state,CURRENT_STATE,full_context,2,False,False,True,True,True,True,False,False,0.06,168,False,False,False,False,False,False,False
sc_42_0025_current_state,CURRENT_STATE,naive_retrieval,2,False,False,True,True,True,True,False,False,0.12,169,False,False,False,False,False,False,False
sc_42_0025_current_state,CURRENT_STATE,raymember,2,False,False,True,True,True,True,False,False,215.50,216,False,False,False,False,False,False,False
sc_42_0025_current_state,CURRENT_STATE,raymember_grounded,2,False,False,True,True,True,True,False,True,223.25,13,True,True,False,False,False,False,False
sc_42_0026_conflict_resolution,CONFLICT_RESOLUTION,baseline,2,False,False,True,True,False,False,False,False,0.02,93,False,False,False,False,False,False,False
sc_42_0026_conflict_resolution,CONFLICT_RESOLUTION,full_context,2,True,True,False,False,False,False,False,True,0.15,182,False,False,False,False,False,False,False
sc_42_0026_conflict_resolution,CONFLICT_RESOLUTION,naive_retrieval,2,True,True,False,False,False,False,False,True,0.23,183,False,False,False,False,False,False,False
sc_42_0026_conflict_resolution,CONFLICT_RESOLUTION,raymember,2,True,True,False,False,False,False,False,True,207.87,275,False,False,False,False,False,False,False
sc_42_0026_conflict_resolution,CONFLICT_RESOLUTION,raymember_grounded,2,True,True,False,False,False,False,False,True,211.83,21,True,True,False,False,False,False,False
sc_42_0027_temporal_reasoning,TEMPORAL_REASONING,baseline,3,False,False,True,True,False,False,False,True,0.01,88,False,False,False,False,False,False,False
sc_42_0027_temporal_reasoning,TEMPORAL_REASONING,full_context,3,True,True,False,False,False,False,False,True,0.06,211,False,False,False,False,False,False,False
sc_42_0027_temporal_reasoning,TEMPORAL_REASONING,naive_retrieval,3,True,True,False,False,False,False,False,True,0.12,212,False,False,False,False,False,False,False
sc_42_0027_temporal_reasoning,TEMPORAL_REASONING,raymember,3,True,True,False,False,False,False,False,True,231.59,256,False,False,False,False,False,False,False
sc_42_0027_temporal_reasoning,TEMPORAL_REASONING,raymember_grounded,3,False,False,True,True,True,True,False,True,242.16,17,True,True,False,False,False,False,False
sc_42_0028_distractor_resistance,DISTRACTOR_RESISTANCE,baseline,250,False,False,True,True,False,False,False,False,0.01,83,False,False,False,False,False,False,False
sc_42_0028_distractor_resistance,DISTRACTOR_RESISTANCE,full_context,250,True,True,False,False,False,False,False,False,1.20,9262,False,False,False,False,False,False,False
sc_42_0028_distractor_resistance,DISTRACTOR_RESISTANCE,naive_retrieval,250,True,True,False,False,False,False,False,False,3.01,279,False,False,False,False,False,False,False
sc_42_0028_distractor_resistance,DISTRACTOR_RESISTANCE,raymember,250,True,True,False,False,False,False,False,False,4273.37,216,False,False,False,False,False,False,False
sc_42_0028_distractor_resistance,DISTRACTOR_RESISTANCE,raymember_grounded,250,True,True,False,False,False,False,False,True,4550.07,12,True,True,False,False,False,False,False
sc_42_0029_cross_session_persistence,CROSS_SESSION_PERSISTENCE,baseline,1,False,False,True,True,False,False,False,False,0.01,90,False,False,False,False,False,False,False
sc_42_0029_cross_session_persistence,CROSS_SESSION_PERSISTENCE,full_context,1,False,False,True,True,False,True,False,False,0.06,136,False,False,False,False,False,False,False
sc_42_0029_cross_session_persistence,CROSS_SESSION_PERSISTENCE,naive_retrieval,1,False,False,True,True,False,True,False,False,0.11,137,False,False,False,False,False,False,False
sc_42_0029_cross_session_persistence,CROSS_SESSION_PERSISTENCE,raymember,1,False,False,True,True,False,True,False,False,233.16,197,False,False,False,False,False,False,False
sc_42_0029_cross_session_persistence,CROSS_SESSION_PERSISTENCE,raymember_grounded,1,False,False,True,True,True,True,False,True,259.99,18,True,True,False,False,False,False,False
sc_42_0030_missing_info,MISSING_INFO,baseline,1,True,True,False,False,False,False,True,True,0.01,89,False,False,False,False,False,False,False
sc_42_0030_missing_info,MISSING_INFO,full_context,1,False,False,True,False,True,True,False,True,0.04,134,False,False,False,False,False,False,False
sc_42_0030_missing_info,MISSING_INFO,naive_retrieval,1,False,False,True,False,True,True,False,True,0.06,135,False,False,False,False,False,False,False
sc_42_0030_missing_info,MISSING_INFO,raymember,1,False,False,True,False,True,True,False,True,214.62,194,False,False,False,False,False,False,False
sc_42_0030_missing_info,MISSING_INFO,raymember_grounded,1,True,True,False,False,False,False,True,True,215.17,18,True,True,False,False,False,False,False
sc_42_0031_contradictory_evidence,CONTRADICTORY_EVIDENCE,baseline,2,False,False,True,True,False,False,False,False,0.01,94,False,False,False,False,False,False,False
sc_42_0031_contradictory_evidence,CONTRADICTORY_EVIDENCE,full_context,2,False,False,True,True,True,True,False,True,0.06,180,False,False,False,False,False,False,False
sc_42_0031_contradictory_evidence,CONTRADICTORY_EVIDENCE,naive_retrieval,2,False,False,True,True,True,True,False,True,0.09,181,False,False,False,False,False,False,False
sc_42_0031_contradictory_evidence,CONTRADICTORY_EVIDENCE,raymember,2,False,False,True,True,True,True,False,True,220.90,241,False,False,False,False,False,False,False
sc_42_0031_contradictory_evidence,CONTRADICTORY_EVIDENCE,raymember_grounded,2,False,False,True,True,True,True,False,False,239.77,22,True,True,False,False,False,False,False
sc_42_0032_uncertain_evidence,UNCERTAIN_EVIDENCE,baseline,2,True,True,False,False,False,False,True,True,0.01,83,False,False,False,False,False,False,False
sc_42_0032_uncertain_evidence,UNCERTAIN_EVIDENCE,full_context,2,False,False,True,False,True,True,False,True,0.06,165,False,False,False,False,False,False,False
sc_42_0032_uncertain_evidence,UNCERTAIN_EVIDENCE,naive_retrieval,2,False,False,True,False,True,True,False,True,0.10,166,False,False,False,False,False,False,False
sc_42_0032_uncertain_evidence,UNCERTAIN_EVIDENCE,raymember,2,True,True,False,False,False,False,True,True,235.40,211,False,False,False,False,False,False,False
sc_42_0032_uncertain_evidence,UNCERTAIN_EVIDENCE,raymember_grounded,2,False,False,True,False,True,False,False,True,258.56,11,True,True,False,False,False,False,False
sc_42_0033_distractor_hallucination,DISTRACTOR_HALLUCINATION,baseline,250,True,True,False,False,False,False,True,True,0.01,90,False,False,False,False,False,False,False
sc_42_0033_distractor_hallucination,DISTRACTOR_HALLUCINATION,full_context,250,False,False,True,False,True,True,False,True,2.83,11837,False,False,False,False,False,False,False
sc_42_0033_distractor_hallucination,DISTRACTOR_HALLUCINATION,naive_retrieval,250,False,False,True,False,True,True,False,True,5.04,323,False,False,False,False,False,False,False
sc_42_0033_distractor_hallucination,DISTRACTOR_HALLUCINATION,raymember,250,True,True,False,False,False,False,True,True,4855.05,193,False,False,False,False,False,False,False
sc_42_0033_distractor_hallucination,DISTRACTOR_HALLUCINATION,raymember_grounded,250,True,True,False,False,False,False,True,True,5345.72,18,True,True,False,False,False,False,False
sc_42_0034_temporal_hallucination,TEMPORAL_HALLUCINATION,baseline,1,True,True,False,False,False,False,True,True,0.07,92,False,False,False,False,False,False,False
sc_42_0034_temporal_hallucination,TEMPORAL_HALLUCINATION,full_context,1,False,False,True,False,True,True,False,True,0.05,138,False,False,False,False,False,False,False
sc_42_0034_temporal_hallucination,TEMPORAL_HALLUCINATION,naive_retrieval,1,False,False,True,False,True,True,False,True,0.08,139,False,False,False,False,False,False,False
sc_42_0034_temporal_hallucination,TEMPORAL_HALLUCINATION,raymember,1,False,False,True,False,True,True,False,True,275.83,202,False,False,False,False,False,False,False
sc_42_0034_temporal_hallucination,TEMPORAL_HALLUCINATION,raymember_grounded,1,True,True,False,False,False,False,True,True,280.06,21,True,True,False,False,False,False,True
sc_42_0035_entity_confusion,ENTITY_CONFUSION,baseline,2,False,False,True,True,False,False,False,False,0.01,83,False,False,False,False,False,False,False
sc_42_0035_entity_confusion,ENTITY_CONFUSION,full_context,2,True,True,False,False,False,False,False,False,0.06,166,False,False,False,False,False,True,False
sc_42_0035_entity_confusion,ENTITY_CONFUSION,naive_retrieval,2,True,True,False,False,False,False,False,False,0.10,167,False,False,False,False,False,True,False
sc_42_0035_entity_confusion,ENTITY_CONFUSION,raymember,2,True,True,False,False,False,False,False,False,242.69,182,False,False,False,False,False,True,False
sc_42_0035_entity_confusion,ENTITY_CONFUSION,raymember_grounded,2,True,True,False,False,False,False,False,True,237.03,11,True,True,False,False,False,True,False
sc_42_0036_false_premise,FALSE_PREMISE,baseline,2,False,False,True,False,True,False,False,True,0.01,87,False,False,False,False,False,False,False
sc_42_0036_false_premise,FALSE_PREMISE,full_context,2,False,False,True,False,True,True,False,True,0.07,171,False,False,False,False,False,False,False
sc_42_0036_false_premise,FALSE_PREMISE,naive_retrieval,2,False,False,True,False,True,True,False,True,0.10,172,False,False,False,False,False,False,False
sc_42_0036_false_premise,FALSE_PREMISE,raymember,2,False,False,True,False,True,True,False,True,233.34,222,False,False,False,False,False,False,False
sc_42_0036_false_premise,FALSE_PREMISE,raymember_grounded,2,True,True,False,False,False,False,False,True,298.03,16,True,True,False,False,True,False,False
sc_42_0037_current_state,CURRENT_STATE,baseline,2,False,False,True,True,False,False,False,False,0.01,85,False,False,False,False,False,False,False
sc_42_0037_current_state,CURRENT_STATE,full_context,2,False,False,True,True,True,True,False,False,0.12,171,False,False,False,False,False,False,False
sc_42_0037_current_state,CURRENT_STATE,naive_retrieval,2,False,False,True,True,True,True,False,False,0.17,172,False,False,False,False,False,False,False
sc_42_0037_current_state,CURRENT_STATE,raymember,2,False,False,True,True,False,True,False,False,279.86,221,False,False,False,False,False,False,False
sc_42_0037_current_state,CURRENT_STATE,raymember_grounded,2,False,False,True,True,True,True,False,True,278.71,13,True,True,False,False,False,False,False
sc_42_0038_conflict_resolution,CONFLICT_RESOLUTION,baseline,2,False,False,True,True,False,False,False,False,0.01,93,False,False,False,False,False,False,False
sc_42_0038_conflict_resolution,CONFLICT_RESOLUTION,full_context,2,True,True,False,False,False,False,False,True,0.13,182,False,False,False,False,False,False,False
sc_42_0038_conflict_resolution,CONFLICT_RESOLUTION,naive_retrieval,2,True,True,False,False,False,False,False,True,0.19,183,False,False,False,False,False,False,False
sc_42_0038_conflict_resolution,CONFLICT_RESOLUTION,raymember,2,True,True,False,False,False,False,False,True,250.80,275,False,False,False,False,False,False,False
sc_42_0038_conflict_resolution,CONFLICT_RESOLUTION,raymember_grounded,2,True,True,False,False,False,False,False,True,248.64,21,True,True,False,False,False,False,False
sc_42_0039_temporal_reasoning,TEMPORAL_REASONING,baseline,3,False,False,True,True,False,False,False,True,0.01,87,False,False,False,False,False,False,False
sc_42_0039_temporal_reasoning,TEMPORAL_REASONING,full_context,3,True,True,False,False,False,False,False,True,0.06,207,False,False,False,False,False,False,False
sc_42_0039_temporal_reasoning,TEMPORAL_REASONING,naive_retrieval,3,True,True,False,False,False,False,False,True,0.15,208,False,False,False,False,False,False,False
sc_42_0039_temporal_reasoning,TEMPORAL_REASONING,raymember,3,True,True,False,False,False,False,False,True,227.33,250,False,False,False,False,False,False,False
sc_42_0039_temporal_reasoning,TEMPORAL_REASONING,raymember_grounded,3,False,False,True,True,True,True,False,True,245.74,16,True,True,False,False,False,False,False
sc_42_0040_distractor_resistance,DISTRACTOR_RESISTANCE,baseline,1000,False,False,True,True,False,False,False,False,0.01,83,False,False,False,False,False,False,False
sc_42_0040_distractor_resistance,DISTRACTOR_RESISTANCE,full_context,1000,True,True,False,False,False,False,False,False,4.66,36733,False,False,False,False,False,False,False
sc_42_0040_distractor_resistance,DISTRACTOR_RESISTANCE,naive_retrieval,1000,True,True,False,False,False,False,False,False,13.01,279,False,False,False,False,False,False,False
sc_42_0040_distractor_resistance,DISTRACTOR_RESISTANCE,raymember,1000,True,True,False,False,False,False,False,False,20073.77,216,False,False,False,False,False,False,False
sc_42_0040_distractor_resistance,DISTRACTOR_RESISTANCE,raymember_grounded,1000,True,True,False,False,False,False,False,True,17562.95,12,True,True,False,False,False,False,False
sc_42_0041_cross_session_persistence,CROSS_SESSION_PERSISTENCE,baseline,1,False,False,True,True,False,False,False,False,0.01,90,False,False,False,False,False,False,False
sc_42_0041_cross_session_persistence,CROSS_SESSION_PERSISTENCE,full_context,1,False,False,True,True,False,True,False,False,0.04,136,False,False,False,False,False,False,False
sc_42_0041_cross_session_persistence,CROSS_SESSION_PERSISTENCE,naive_retrieval,1,False,False,True,True,False,True,False,False,0.05,137,False,False,False,False,False,False,False
sc_42_0041_cross_session_persistence,CROSS_SESSION_PERSISTENCE,raymember,1,False,False,True,True,False,True,False,False,211.36,197,False,False,False,False,False,False,False
sc_42_0041_cross_session_persistence,CROSS_SESSION_PERSISTENCE,raymember_grounded,1,False,False,True,True,True,True,False,True,224.64,18,True,True,False,False,False,False,False
sc_42_0042_missing_info,MISSING_INFO,baseline,1,True,True,False,False,False,False,True,True,0.01,89,False,False,False,False,False,False,False
sc_42_0042_missing_info,MISSING_INFO,full_context,1,False,False,True,False,True,True,False,True,0.03,134,False,False,False,False,False,False,False
sc_42_0042_missing_info,MISSING_INFO,naive_retrieval,1,False,False,True,False,True,True,False,True,0.05,135,False,False,False,False,False,False,False
sc_42_0042_missing_info,MISSING_INFO,raymember,1,False,False,True,False,True,True,False,True,198.16,194,False,False,False,False,False,False,False
sc_42_0042_missing_info,MISSING_INFO,raymember_grounded,1,True,True,False,False,False,False,True,True,213.45,18,True,True,False,False,False,False,False
sc_42_0043_contradictory_evidence,CONTRADICTORY_EVIDENCE,baseline,2,False,False,True,True,False,False,False,False,0.01,94,False,False,False,False,False,False,False
sc_42_0043_contradictory_evidence,CONTRADICTORY_EVIDENCE,full_context,2,False,False,True,True,True,True,False,True,0.08,180,False,False,False,False,False,False,False
sc_42_0043_contradictory_evidence,CONTRADICTORY_EVIDENCE,naive_retrieval,2,False,False,True,True,True,True,False,True,0.11,181,False,False,False,False,False,False,False
sc_42_0043_contradictory_evidence,CONTRADICTORY_EVIDENCE,raymember,2,False,False,True,True,True,True,False,True,217.57,241,False,False,False,False,False,False,False
sc_42_0043_contradictory_evidence,CONTRADICTORY_EVIDENCE,raymember_grounded,2,False,False,True,True,True,True,False,False,241.88,22,True,True,False,False,False,False,False
sc_42_0044_uncertain_evidence,UNCERTAIN_EVIDENCE,baseline,2,True,True,False,False,False,False,True,True,0.01,83,False,False,False,False,False,False,False
sc_42_0044_uncertain_evidence,UNCERTAIN_EVIDENCE,full_context,2,False,False,True,False,True,True,False,True,0.05,165,False,False,False,False,False,False,False
sc_42_0044_uncertain_evidence,UNCERTAIN_EVIDENCE,naive_retrieval,2,False,False,True,False,True,True,False,True,0.08,166,False,False,False,False,False,False,False
sc_42_0044_uncertain_evidence,UNCERTAIN_EVIDENCE,raymember,2,True,True,False,False,False,False,True,True,225.62,211,False,False,False,False,False,False,False
sc_42_0044_uncertain_evidence,UNCERTAIN_EVIDENCE,raymember_grounded,2,False,False,True,False,True,False,False,True,225.39,11,True,True,False,False,False,False,False
sc_42_0045_distractor_hallucination,DISTRACTOR_HALLUCINATION,baseline,1000,True,True,False,False,False,False,True,True,0.01,90,False,False,False,False,False,False,False
sc_42_0045_distractor_hallucination,DISTRACTOR_HALLUCINATION,full_context,1000,False,False,True,False,True,True,False,True,4.61,47087,False,False,False,False,False,False,False
sc_42_0045_distractor_hallucination,DISTRACTOR_HALLUCINATION,naive_retrieval,1000,False,False,True,False,True,True,False,True,12.28,323,False,False,False,False,False,False,False
sc_42_0045_distractor_hallucination,DISTRACTOR_HALLUCINATION,raymember,1000,True,True,False,False,False,False,True,True,19547.39,193,False,False,False,False,False,False,False
sc_42_0045_distractor_hallucination,DISTRACTOR_HALLUCINATION,raymember_grounded,1000,True,True,False,False,False,False,True,True,21439.93,18,True,True,False,False,False,False,False
sc_42_0046_temporal_hallucination,TEMPORAL_HALLUCINATION,baseline,1,True,True,False,False,False,False,True,True,0.06,92,False,False,False,False,False,False,False
sc_42_0046_temporal_hallucination,TEMPORAL_HALLUCINATION,full_context,1,False,False,True,False,True,True,False,True,0.05,138,False,False,False,False,False,False,False
sc_42_0046_temporal_hallucination,TEMPORAL_HALLUCINATION,naive_retrieval,1,False,False,True,False,True,True,False,True,0.11,139,False,False,False,False,False,False,False
sc_42_0046_temporal_hallucination,TEMPORAL_HALLUCINATION,raymember,1,False,False,True,False,True,True,False,True,223.27,202,False,False,False,False,False,False,False
sc_42_0046_temporal_hallucination,TEMPORAL_HALLUCINATION,raymember_grounded,1,True,True,False,False,False,False,True,True,237.38,21,True,True,False,False,False,False,True
sc_42_0047_entity_confusion,ENTITY_CONFUSION,baseline,2,False,False,True,True,False,False,False,False,0.01,83,False,False,False,False,False,False,False
sc_42_0047_entity_confusion,ENTITY_CONFUSION,full_context,2,True,True,False,False,False,False,False,False,0.06,166,False,False,False,False,False,True,False
sc_42_0047_entity_confusion,ENTITY_CONFUSION,naive_retrieval,2,True,True,False,False,False,False,False,False,0.09,167,False,False,False,False,False,True,False
sc_42_0047_entity_confusion,ENTITY_CONFUSION,raymember,2,True,True,False,False,False,False,False,False,228.85,182,False,False,False,False,False,True,False
sc_42_0047_entity_confusion,ENTITY_CONFUSION,raymember_grounded,2,True,True,False,False,False,False,False,True,227.14,11,True,True,False,False,False,True,False
sc_42_0048_false_premise,FALSE_PREMISE,baseline,2,False,False,True,False,True,False,False,True,0.01,87,False,False,False,False,False,False,False
sc_42_0048_false_premise,FALSE_PREMISE,full_context,2,False,False,True,False,True,True,False,True,0.07,171,False,False,False,False,False,False,False
sc_42_0048_false_premise,FALSE_PREMISE,naive_retrieval,2,False,False,True,False,True,True,False,True,0.09,172,False,False,False,False,False,False,False
sc_42_0048_false_premise,FALSE_PREMISE,raymember,2,False,False,True,False,True,True,False,True,226.88,222,False,False,False,False,False,False,False
sc_42_0048_false_premise,FALSE_PREMISE,raymember_grounded,2,True,True,False,False,False,False,False,True,248.81,16,True,True,False,False,True,False,False
sc_42_0049_current_state,CURRENT_STATE,baseline,2,False,False,True,True,False,False,False,False,0.01,85,False,False,False,False,False,False,False
sc_42_0049_current_state,CURRENT_STATE,full_context,2,False,False,True,True,True,True,False,False,0.06,168,False,False,False,False,False,False,False
sc_42_0049_current_state,CURRENT_STATE,naive_retrieval,2,False,False,True,True,True,True,False,False,0.09,169,False,False,False,False,False,False,False
sc_42_0049_current_state,CURRENT_STATE,raymember,2,False,False,True,True,True,True,False,False,217.53,216,False,False,False,False,False,False,False
sc_42_0049_current_state,CURRENT_STATE,raymember_grounded,2,False,False,True,True,True,True,False,True,224.42,13,True,True,False,False,False,False,False
sc_42_0050_conflict_resolution,CONFLICT_RESOLUTION,baseline,2,False,False,True,True,False,False,False,False,0.01,93,False,False,False,False,False,False,False
sc_42_0050_conflict_resolution,CONFLICT_RESOLUTION,full_context,2,True,True,False,False,False,False,False,True,0.11,182,False,False,False,False,False,False,False
sc_42_0050_conflict_resolution,CONFLICT_RESOLUTION,naive_retrieval,2,True,True,False,False,False,False,False,True,0.15,183,False,False,False,False,False,False,False
sc_42_0050_conflict_resolution,CONFLICT_RESOLUTION,raymember,2,True,True,False,False,False,False,False,True,235.45,275,False,False,False,False,False,False,False
sc_42_0050_conflict_resolution,CONFLICT_RESOLUTION,raymember_grounded,2,True,True,False,False,False,False,False,True,262.21,21,True,True,False,False,False,False,False
sc_42_0051_temporal_reasoning,TEMPORAL_REASONING,baseline,3,False,False,True,True,False,False,False,True,0.01,88,False,False,False,False,False,False,False
sc_42_0051_temporal_reasoning,TEMPORAL_REASONING,full_context,3,True,True,False,False,False,False,False,True,0.08,211,False,False,False,False,False,False,False
sc_42_0051_temporal_reasoning,TEMPORAL_REASONING,naive_retrieval,3,True,True,False,False,False,False,False,True,0.23,212,False,False,False,False,False,False,False
sc_42_0051_temporal_reasoning,TEMPORAL_REASONING,raymember,3,True,True,False,False,False,False,False,True,251.10,256,False,False,False,False,False,False,False
sc_42_0051_temporal_reasoning,TEMPORAL_REASONING,raymember_grounded,3,False,False,True,True,True,True,False,True,259.10,17,True,True,False,False,False,False,False
sc_42_0052_distractor_resistance,DISTRACTOR_RESISTANCE,baseline,100,False,False,True,True,False,False,False,False,0.01,83,False,False,False,False,False,False,False
sc_42_0052_distractor_resistance,DISTRACTOR_RESISTANCE,full_context,100,True,True,False,False,False,False,False,False,0.67,3839,False,False,False,False,False,False,False
sc_42_0052_distractor_resistance,DISTRACTOR_RESISTANCE,naive_retrieval,100,True,True,False,False,False,False,False,False,1.64,279,False,False,False,False,False,False,False
sc_42_0052_distractor_resistance,DISTRACTOR_RESISTANCE,raymember,100,True,True,False,False,False,False,False,False,1816.37,216,False,False,False,False,False,False,False
sc_42_0052_distractor_resistance,DISTRACTOR_RESISTANCE,raymember_grounded,100,True,True,False,False,False,False,False,True,1999.77,12,True,True,False,False,False,False,False
sc_42_0053_cross_session_persistence,CROSS_SESSION_PERSISTENCE,baseline,1,False,False,True,True,False,False,False,False,0.01,90,False,False,False,False,False,False,False
sc_42_0053_cross_session_persistence,CROSS_SESSION_PERSISTENCE,full_context,1,False,False,True,True,False,True,False,False,0.05,136,False,False,False,False,False,False,False
sc_42_0053_cross_session_persistence,CROSS_SESSION_PERSISTENCE,naive_retrieval,1,False,False,True,True,False,True,False,False,0.08,137,False,False,False,False,False,False,False
sc_42_0053_cross_session_persistence,CROSS_SESSION_PERSISTENCE,raymember,1,False,False,True,True,False,True,False,False,281.53,197,False,False,False,False,False,False,False
sc_42_0053_cross_session_persistence,CROSS_SESSION_PERSISTENCE,raymember_grounded,1,False,False,True,True,True,True,False,True,241.78,18,True,True,False,False,False,False,False
sc_42_0054_missing_info,MISSING_INFO,baseline,1,True,True,False,False,False,False,True,True,0.01,89,False,False,False,False,False,False,False
sc_42_0054_missing_info,MISSING_INFO,full_context,1,False,False,True,False,True,True,False,True,0.05,134,False,False,False,False,False,False,False
sc_42_0054_missing_info,MISSING_INFO,naive_retrieval,1,False,False,True,False,True,True,False,True,0.07,135,False,False,False,False,False,False,False
sc_42_0054_missing_info,MISSING_INFO,raymember,1,False,False,True,False,True,True,False,True,202.76,194,False,False,False,False,False,False,False
sc_42_0054_missing_info,MISSING_INFO,raymember_grounded,1,True,True,False,False,False,False,True,True,218.52,18,True,True,False,False,False,False,False
sc_42_0055_contradictory_evidence,CONTRADICTORY_EVIDENCE,baseline,2,False,False,True,True,False,False,False,False,0.01,94,False,False,False,False,False,False,False
sc_42_0055_contradictory_evidence,CONTRADICTORY_EVIDENCE,full_context,2,False,False,True,True,True,True,False,True,0.10,180,False,False,False,False,False,False,False
sc_42_0055_contradictory_evidence,CONTRADICTORY_EVIDENCE,naive_retrieval,2,False,False,True,True,True,True,False,True,0.13,181,False,False,False,False,False,False,False
sc_42_0055_contradictory_evidence,CONTRADICTORY_EVIDENCE,raymember,2,False,False,True,True,True,True,False,True,258.79,242,False,False,False,False,False,False,False
sc_42_0055_contradictory_evidence,CONTRADICTORY_EVIDENCE,raymember_grounded,2,False,False,True,True,True,True,False,False,282.64,23,True,True,False,False,False,False,False
sc_42_0056_uncertain_evidence,UNCERTAIN_EVIDENCE,baseline,2,True,True,False,False,False,False,True,True,0.01,83,False,False,False,False,False,False,False
sc_42_0056_uncertain_evidence,UNCERTAIN_EVIDENCE,full_context,2,False,False,True,False,True,True,False,True,0.08,165,False,False,False,False,False,False,False
sc_42_0056_uncertain_evidence,UNCERTAIN_EVIDENCE,naive_retrieval,2,False,False,True,False,True,True,False,True,0.13,166,False,False,False,False,False,False,False
sc_42_0056_uncertain_evidence,UNCERTAIN_EVIDENCE,raymember,2,True,True,False,False,False,False,True,True,248.95,211,False,False,False,False,False,False,False
sc_42_0056_uncertain_evidence,UNCERTAIN_EVIDENCE,raymember_grounded,2,False,False,True,False,True,False,False,True,242.06,11,True,True,False,False,False,False,False
sc_42_0057_distractor_hallucination,DISTRACTOR_HALLUCINATION,baseline,100,True,True,False,False,False,False,True,True,0.01,90,False,False,False,False,False,False,False
sc_42_0057_distractor_hallucination,DISTRACTOR_HALLUCINATION,full_context,100,False,False,True,False,True,True,False,True,0.94,4787,False,False,False,False,False,False,False
sc_42_0057_distractor_hallucination,DISTRACTOR_HALLUCINATION,naive_retrieval,100,False,False,True,False,True,True,False,True,2.57,323,False,False,False,False,False,False,False
sc_42_0057_distractor_hallucination,DISTRACTOR_HALLUCINATION,raymember,100,True,True,False,False,False,False,True,True,2025.13,193,False,False,False,False,False,False,False
sc_42_0057_distractor_hallucination,DISTRACTOR_HALLUCINATION,raymember_grounded,100,True,True,False,False,False,False,True,True,2039.09,18,True,True,False,False,False,False,False
sc_42_0058_temporal_hallucination,TEMPORAL_HALLUCINATION,baseline,1,True,True,False,False,False,False,True,True,0.05,92,False,False,False,False,False,False,False
sc_42_0058_temporal_hallucination,TEMPORAL_HALLUCINATION,full_context,1,False,False,True,False,True,True,False,True,0.04,138,False,False,False,False,False,False,False
sc_42_0058_temporal_hallucination,TEMPORAL_HALLUCINATION,naive_retrieval,1,False,False,True,False,True,True,False,True,0.08,139,False,False,False,False,False,False,False
sc_42_0058_temporal_hallucination,TEMPORAL_HALLUCINATION,raymember,1,False,False,True,False,True,True,False,True,186.97,202,False,False,False,False,False,False,False
sc_42_0058_temporal_hallucination,TEMPORAL_HALLUCINATION,raymember_grounded,1,True,True,False,False,False,False,True,True,209.36,21,True,True,False,False,False,False,True
sc_42_0059_entity_confusion,ENTITY_CONFUSION,baseline,2,False,False,True,True,False,False,False,False,0.01,83,False,False,False,False,False,False,False
sc_42_0059_entity_confusion,ENTITY_CONFUSION,full_context,2,True,True,False,False,False,False,False,False,0.05,166,False,False,False,False,False,True,False
sc_42_0059_entity_confusion,ENTITY_CONFUSION,naive_retrieval,2,True,True,False,False,False,False,False,False,0.08,167,False,False,False,False,False,True,False
sc_42_0059_entity_confusion,ENTITY_CONFUSION,raymember,2,True,True,False,False,False,False,False,False,235.23,182,False,False,False,False,False,True,False
sc_42_0059_entity_confusion,ENTITY_CONFUSION,raymember_grounded,2,True,True,False,False,False,False,False,True,220.85,11,True,True,False,False,False,True,False
sc_42_0060_false_premise,FALSE_PREMISE,baseline,2,False,False,True,False,True,False,False,True,0.01,87,False,False,False,False,False,False,False
sc_42_0060_false_premise,FALSE_PREMISE,full_context,2,False,False,True,False,True,True,False,True,0.08,171,False,False,False,False,False,False,False
sc_42_0060_false_premise,FALSE_PREMISE,naive_retrieval,2,False,False,True,False,True,True,False,True,0.13,172,False,False,False,False,False,False,False
sc_42_0060_false_premise,FALSE_PREMISE,raymember,2,False,False,True,False,True,True,False,True,215.19,222,False,False,False,False,False,False,False
sc_42_0060_false_premise,FALSE_PREMISE,raymember_grounded,2,True,True,False,False,False,False,False,True,253.91,16,True,True,False,False,True,False,False
sc_42_0061_current_state,CURRENT_STATE,baseline,2,False,False,True,True,False,False,False,False,0.01,85,False,False,False,False,False,False,False
sc_42_0061_current_state,CURRENT_STATE,full_context,2,False,False,True,True,True,True,False,False,0.08,171,False,False,False,False,False,False,False
sc_42_0061_current_state,CURRENT_STATE,naive_retrieval,2,False,False,True,True,True,True,False,False,0.15,172,False,False,False,False,False,False,False
sc_42_0061_current_state,CURRENT_STATE,raymember,2,False,False,True,True,False,True,False,False,251.00,221,False,False,False,False,False,False,False
sc_42_0061_current_state,CURRENT_STATE,raymember_grounded,2,False,False,True,True,True,True,False,True,233.62,13,True,True,False,False,False,False,False
sc_42_0062_conflict_resolution,CONFLICT_RESOLUTION,baseline,2,False,False,True,True,False,False,False,False,0.01,93,False,False,False,False,False,False,False
sc_42_0062_conflict_resolution,CONFLICT_RESOLUTION,full_context,2,True,True,False,False,False,False,False,True,0.07,182,False,False,False,False,False,False,False
sc_42_0062_conflict_resolution,CONFLICT_RESOLUTION,naive_retrieval,2,True,True,False,False,False,False,False,True,0.10,183,False,False,False,False,False,False,False
sc_42_0062_conflict_resolution,CONFLICT_RESOLUTION,raymember,2,True,True,False,False,False,False,False,True,218.08,275,False,False,False,False,False,False,False
sc_42_0062_conflict_resolution,CONFLICT_RESOLUTION,raymember_grounded,2,True,True,False,False,False,False,False,True,221.91,21,True,True,False,False,False,False,False
sc_42_0063_temporal_reasoning,TEMPORAL_REASONING,baseline,3,False,False,True,True,False,False,False,True,0.01,87,False,False,False,False,False,False,False
sc_42_0063_temporal_reasoning,TEMPORAL_REASONING,full_context,3,True,True,False,False,False,False,False,True,0.05,207,False,False,False,False,False,False,False
sc_42_0063_temporal_reasoning,TEMPORAL_REASONING,naive_retrieval,3,True,True,False,False,False,False,False,True,0.10,208,False,False,False,False,False,False,False
sc_42_0063_temporal_reasoning,TEMPORAL_REASONING,raymember,3,True,True,False,False,False,False,False,True,237.27,250,False,False,False,False,False,False,False
sc_42_0063_temporal_reasoning,TEMPORAL_REASONING,raymember_grounded,3,False,False,True,True,True,True,False,True,242.23,16,True,True,False,False,False,False,False
sc_42_0064_distractor_resistance,DISTRACTOR_RESISTANCE,baseline,500,False,False,True,True,False,False,False,False,0.01,83,False,False,False,False,False,False,False
sc_42_0064_distractor_resistance,DISTRACTOR_RESISTANCE,full_context,500,True,True,False,False,False,False,False,False,2.47,18426,False,False,False,False,False,False,False
sc_42_0064_distractor_resistance,DISTRACTOR_RESISTANCE,naive_retrieval,500,True,True,False,False,False,False,False,False,6.82,279,False,False,False,False,False,False,False
sc_42_0064_distractor_resistance,DISTRACTOR_RESISTANCE,raymember,500,True,True,False,False,False,False,False,False,9667.80,216,False,False,False,False,False,False,False
sc_42_0064_distractor_resistance,DISTRACTOR_RESISTANCE,raymember_grounded,500,True,True,False,False,False,False,False,True,9939.25,12,True,True,False,False,False,False,False
sc_42_0065_cross_session_persistence,CROSS_SESSION_PERSISTENCE,baseline,1,False,False,True,True,False,False,False,False,0.01,90,False,False,False,False,False,False,False
sc_42_0065_cross_session_persistence,CROSS_SESSION_PERSISTENCE,full_context,1,False,False,True,True,False,True,False,False,0.06,136,False,False,False,False,False,False,False
sc_42_0065_cross_session_persistence,CROSS_SESSION_PERSISTENCE,naive_retrieval,1,False,False,True,True,False,True,False,False,0.07,137,False,False,False,False,False,False,False
sc_42_0065_cross_session_persistence,CROSS_SESSION_PERSISTENCE,raymember,1,False,False,True,True,False,True,False,False,221.71,197,False,False,False,False,False,False,False
sc_42_0065_cross_session_persistence,CROSS_SESSION_PERSISTENCE,raymember_grounded,1,False,False,True,True,True,True,False,True,244.80,18,True,True,False,False,False,False,False
sc_42_0066_missing_info,MISSING_INFO,baseline,1,True,True,False,False,False,False,True,True,0.01,89,False,False,False,False,False,False,False
sc_42_0066_missing_info,MISSING_INFO,full_context,1,False,False,True,False,True,True,False,True,0.04,134,False,False,False,False,False,False,False
sc_42_0066_missing_info,MISSING_INFO,naive_retrieval,1,False,False,True,False,True,True,False,True,0.06,135,False,False,False,False,False,False,False
sc_42_0066_missing_info,MISSING_INFO,raymember,1,False,False,True,False,True,True,False,True,201.00,194,False,False,False,False,False,False,False
sc_42_0066_missing_info,MISSING_INFO,raymember_grounded,1,True,True,False,False,False,False,True,True,229.20,18,True,True,False,False,False,False,False
sc_42_0067_contradictory_evidence,CONTRADICTORY_EVIDENCE,baseline,2,False,False,True,True,False,False,False,False,0.01,94,False,False,False,False,False,False,False
sc_42_0067_contradictory_evidence,CONTRADICTORY_EVIDENCE,full_context,2,False,False,True,True,True,True,False,True,0.11,180,False,False,False,False,False,False,False
sc_42_0067_contradictory_evidence,CONTRADICTORY_EVIDENCE,naive_retrieval,2,False,False,True,True,True,True,False,True,0.13,181,False,False,False,False,False,False,False
sc_42_0067_contradictory_evidence,CONTRADICTORY_EVIDENCE,raymember,2,False,False,True,True,True,True,False,True,248.43,242,False,False,False,False,False,False,False
sc_42_0067_contradictory_evidence,CONTRADICTORY_EVIDENCE,raymember_grounded,2,False,False,True,True,True,True,False,False,238.38,23,True,True,False,False,False,False,False
sc_42_0068_uncertain_evidence,UNCERTAIN_EVIDENCE,baseline,2,True,True,False,False,False,False,True,True,0.01,83,False,False,False,False,False,False,False
sc_42_0068_uncertain_evidence,UNCERTAIN_EVIDENCE,full_context,2,False,False,True,False,True,True,False,True,0.07,165,False,False,False,False,False,False,False
sc_42_0068_uncertain_evidence,UNCERTAIN_EVIDENCE,naive_retrieval,2,False,False,True,False,True,True,False,True,0.12,166,False,False,False,False,False,False,False
sc_42_0068_uncertain_evidence,UNCERTAIN_EVIDENCE,raymember,2,True,True,False,False,False,False,True,True,224.54,211,False,False,False,False,False,False,False
sc_42_0068_uncertain_evidence,UNCERTAIN_EVIDENCE,raymember_grounded,2,False,False,True,False,True,False,False,True,224.55,11,True,True,False,False,False,False,False
sc_42_0069_distractor_hallucination,DISTRACTOR_HALLUCINATION,baseline,500,True,True,False,False,False,False,True,True,0.01,90,False,False,False,False,False,False,False
sc_42_0069_distractor_hallucination,DISTRACTOR_HALLUCINATION,full_context,500,False,False,True,False,True,True,False,True,3.12,23587,False,False,False,False,False,False,False
sc_42_0069_distractor_hallucination,DISTRACTOR_HALLUCINATION,naive_retrieval,500,False,False,True,False,True,True,False,True,7.68,323,False,False,False,False,False,False,False
sc_42_0069_distractor_hallucination,DISTRACTOR_HALLUCINATION,raymember,500,True,True,False,False,False,False,True,True,10526.44,193,False,False,False,False,False,False,False
sc_42_0069_distractor_hallucination,DISTRACTOR_HALLUCINATION,raymember_grounded,500,True,True,False,False,False,False,True,True,11854.30,18,True,True,False,False,False,False,False
sc_42_0070_temporal_hallucination,TEMPORAL_HALLUCINATION,baseline,1,True,True,False,False,False,False,True,True,0.05,92,False,False,False,False,False,False,False
sc_42_0070_temporal_hallucination,TEMPORAL_HALLUCINATION,full_context,1,False,False,True,False,True,True,False,True,0.04,138,False,False,False,False,False,False,False
sc_42_0070_temporal_hallucination,TEMPORAL_HALLUCINATION,naive_retrieval,1,False,False,True,False,True,True,False,True,0.08,139,False,False,False,False,False,False,False
sc_42_0070_temporal_hallucination,TEMPORAL_HALLUCINATION,raymember,1,False,False,True,False,True,True,False,True,229.26,202,False,False,False,False,False,False,False
sc_42_0070_temporal_hallucination,TEMPORAL_HALLUCINATION,raymember_grounded,1,True,True,False,False,False,False,True,True,272.90,21,True,True,False,False,False,False,True
sc_42_0071_entity_confusion,ENTITY_CONFUSION,baseline,2,False,False,True,True,False,False,False,False,0.01,83,False,False,False,False,False,False,False
sc_42_0071_entity_confusion,ENTITY_CONFUSION,full_context,2,True,True,False,False,False,False,False,False,0.08,166,False,False,False,False,False,True,False
sc_42_0071_entity_confusion,ENTITY_CONFUSION,naive_retrieval,2,True,True,False,False,False,False,False,False,0.16,167,False,False,False,False,False,True,False
sc_42_0071_entity_confusion,ENTITY_CONFUSION,raymember,2,True,True,False,False,False,False,False,False,255.94,182,False,False,False,False,False,True,False
sc_42_0071_entity_confusion,ENTITY_CONFUSION,raymember_grounded,2,True,True,False,False,False,False,False,True,270.11,11,True,True,False,False,False,True,False
sc_42_0072_false_premise,FALSE_PREMISE,baseline,2,False,False,True,False,True,False,False,True,0.01,87,False,False,False,False,False,False,False
sc_42_0072_false_premise,FALSE_PREMISE,full_context,2,False,False,True,False,True,True,False,True,0.10,171,False,False,False,False,False,False,False
sc_42_0072_false_premise,FALSE_PREMISE,naive_retrieval,2,False,False,True,False,True,True,False,True,0.28,172,False,False,False,False,False,False,False
sc_42_0072_false_premise,FALSE_PREMISE,raymember,2,False,False,True,False,True,True,False,True,237.55,222,False,False,False,False,False,False,False
sc_42_0072_false_premise,FALSE_PREMISE,raymember_grounded,2,True,True,False,False,False,False,False,True,236.95,16,True,True,False,False,True,False,False
sc_42_0073_current_state,CURRENT_STATE,baseline,2,False,False,True,True,False,False,False,False,0.01,85,False,False,False,False,False,False,False
sc_42_0073_current_state,CURRENT_STATE,full_context,2,False,False,True,True,True,True,False,False,0.06,168,False,False,False,False,False,False,False
sc_42_0073_current_state,CURRENT_STATE,naive_retrieval,2,False,False,True,True,True,True,False,False,0.13,169,False,False,False,False,False,False,False
sc_42_0073_current_state,CURRENT_STATE,raymember,2,False,False,True,True,True,True,False,False,228.12,216,False,False,False,False,False,False,False
sc_42_0073_current_state,CURRENT_STATE,raymember_grounded,2,False,False,True,True,True,True,False,True,413.50,13,True,True,False,False,False,False,False
sc_42_0074_conflict_resolution,CONFLICT_RESOLUTION,baseline,2,False,False,True,True,False,False,False,False,0.01,93,False,False,False,False,False,False,False
sc_42_0074_conflict_resolution,CONFLICT_RESOLUTION,full_context,2,True,True,False,False,False,False,False,True,0.10,182,False,False,False,False,False,False,False
sc_42_0074_conflict_resolution,CONFLICT_RESOLUTION,naive_retrieval,2,True,True,False,False,False,False,False,True,0.10,183,False,False,False,False,False,False,False
sc_42_0074_conflict_resolution,CONFLICT_RESOLUTION,raymember,2,True,True,False,False,False,False,False,True,225.89,275,False,False,False,False,False,False,False
sc_42_0074_conflict_resolution,CONFLICT_RESOLUTION,raymember_grounded,2,True,True,False,False,False,False,False,True,312.43,21,True,True,False,False,False,False,False
sc_42_0075_temporal_reasoning,TEMPORAL_REASONING,baseline,3,False,False,True,True,False,False,False,True,0.02,88,False,False,False,False,False,False,False
sc_42_0075_temporal_reasoning,TEMPORAL_REASONING,full_context,3,True,True,False,False,False,False,False,True,0.12,211,False,False,False,False,False,False,False
sc_42_0075_temporal_reasoning,TEMPORAL_REASONING,naive_retrieval,3,True,True,False,False,False,False,False,True,0.24,212,False,False,False,False,False,False,False
sc_42_0075_temporal_reasoning,TEMPORAL_REASONING,raymember,3,True,True,False,False,False,False,False,True,352.88,256,False,False,False,False,False,False,False
sc_42_0075_temporal_reasoning,TEMPORAL_REASONING,raymember_grounded,3,False,False,True,True,True,True,False,True,366.09,17,True,True,False,False,False,False,False
sc_42_0076_distractor_resistance,DISTRACTOR_RESISTANCE,baseline,50,False,False,True,True,False,False,False,False,0.02,83,False,False,False,False,False,False,False
sc_42_0076_distractor_resistance,DISTRACTOR_RESISTANCE,full_context,50,True,True,False,False,False,False,False,False,0.76,1966,False,False,False,False,False,False,False
sc_42_0076_distractor_resistance,DISTRACTOR_RESISTANCE,naive_retrieval,50,True,True,False,False,False,False,False,False,2.12,279,False,False,False,False,False,False,False
sc_42_0076_distractor_resistance,DISTRACTOR_RESISTANCE,raymember,50,True,True,False,False,False,False,False,False,1301.48,216,False,False,False,False,False,False,False
sc_42_0076_distractor_resistance,DISTRACTOR_RESISTANCE,raymember_grounded,50,True,True,False,False,False,False,False,True,1374.43,12,True,True,False,False,False,False,False
sc_42_0077_cross_session_persistence,CROSS_SESSION_PERSISTENCE,baseline,1,False,False,True,True,False,False,False,False,0.01,90,False,False,False,False,False,False,False
sc_42_0077_cross_session_persistence,CROSS_SESSION_PERSISTENCE,full_context,1,False,False,True,True,False,True,False,False,0.05,136,False,False,False,False,False,False,False
sc_42_0077_cross_session_persistence,CROSS_SESSION_PERSISTENCE,naive_retrieval,1,False,False,True,True,False,True,False,False,0.07,137,False,False,False,False,False,False,False
sc_42_0077_cross_session_persistence,CROSS_SESSION_PERSISTENCE,raymember,1,False,False,True,True,False,True,False,False,263.84,197,False,False,False,False,False,False,False
sc_42_0077_cross_session_persistence,CROSS_SESSION_PERSISTENCE,raymember_grounded,1,False,False,True,True,True,True,False,True,316.65,18,True,True,False,False,False,False,False
sc_42_0078_missing_info,MISSING_INFO,baseline,1,True,True,False,False,False,False,True,True,0.01,89,False,False,False,False,False,False,False
sc_42_0078_missing_info,MISSING_INFO,full_context,1,False,False,True,False,True,True,False,True,0.07,134,False,False,False,False,False,False,False
sc_42_0078_missing_info,MISSING_INFO,naive_retrieval,1,False,False,True,False,True,True,False,True,0.11,135,False,False,False,False,False,False,False
sc_42_0078_missing_info,MISSING_INFO,raymember,1,False,False,True,False,True,True,False,True,245.30,194,False,False,False,False,False,False,False
sc_42_0078_missing_info,MISSING_INFO,raymember_grounded,1,True,True,False,False,False,False,True,True,275.09,18,True,True,False,False,False,False,False
sc_42_0079_contradictory_evidence,CONTRADICTORY_EVIDENCE,baseline,2,False,False,True,True,False,False,False,False,0.01,94,False,False,False,False,False,False,False
sc_42_0079_contradictory_evidence,CONTRADICTORY_EVIDENCE,full_context,2,False,False,True,True,True,True,False,True,0.08,180,False,False,False,False,False,False,False
sc_42_0079_contradictory_evidence,CONTRADICTORY_EVIDENCE,naive_retrieval,2,False,False,True,True,True,True,False,True,0.14,181,False,False,False,False,False,False,False
sc_42_0079_contradictory_evidence,CONTRADICTORY_EVIDENCE,raymember,2,False,False,True,True,True,True,False,True,232.88,242,False,False,False,False,False,False,False
sc_42_0079_contradictory_evidence,CONTRADICTORY_EVIDENCE,raymember_grounded,2,False,False,True,True,True,True,False,False,284.65,23,True,True,False,False,False,False,False
sc_42_0080_uncertain_evidence,UNCERTAIN_EVIDENCE,baseline,2,True,True,False,False,False,False,True,True,0.01,83,False,False,False,False,False,False,False
sc_42_0080_uncertain_evidence,UNCERTAIN_EVIDENCE,full_context,2,False,False,True,False,True,True,False,True,0.06,165,False,False,False,False,False,False,False
sc_42_0080_uncertain_evidence,UNCERTAIN_EVIDENCE,naive_retrieval,2,False,False,True,False,True,True,False,True,0.10,166,False,False,False,False,False,False,False
sc_42_0080_uncertain_evidence,UNCERTAIN_EVIDENCE,raymember,2,True,True,False,False,False,False,True,True,224.88,211,False,False,False,False,False,False,False
sc_42_0080_uncertain_evidence,UNCERTAIN_EVIDENCE,raymember_grounded,2,False,False,True,False,True,False,False,True,250.34,11,True,True,False,False,False,False,False
sc_42_0081_distractor_hallucination,DISTRACTOR_HALLUCINATION,baseline,50,True,True,False,False,False,False,True,True,0.01,90,False,False,False,False,False,False,False
sc_42_0081_distractor_hallucination,DISTRACTOR_HALLUCINATION,full_context,50,False,False,True,False,True,True,False,True,0.32,2437,False,False,False,False,False,False,False
sc_42_0081_distractor_hallucination,DISTRACTOR_HALLUCINATION,naive_retrieval,50,False,False,True,False,True,True,False,True,1.05,323,False,False,False,False,False,False,False
sc_42_0081_distractor_hallucination,DISTRACTOR_HALLUCINATION,raymember,50,True,True,False,False,False,False,True,True,1243.76,193,False,False,False,False,False,False,False
sc_42_0081_distractor_hallucination,DISTRACTOR_HALLUCINATION,raymember_grounded,50,True,True,False,False,False,False,True,True,1098.40,18,True,True,False,False,False,False,False
sc_42_0082_temporal_hallucination,TEMPORAL_HALLUCINATION,baseline,1,True,True,False,False,False,False,True,True,0.06,92,False,False,False,False,False,False,False
sc_42_0082_temporal_hallucination,TEMPORAL_HALLUCINATION,full_context,1,False,False,True,False,True,True,False,True,0.04,138,False,False,False,False,False,False,False
sc_42_0082_temporal_hallucination,TEMPORAL_HALLUCINATION,naive_retrieval,1,False,False,True,False,True,True,False,True,0.13,139,False,False,False,False,False,False,False
sc_42_0082_temporal_hallucination,TEMPORAL_HALLUCINATION,raymember,1,False,False,True,False,True,True,False,True,216.43,202,False,False,False,False,False,False,False
sc_42_0082_temporal_hallucination,TEMPORAL_HALLUCINATION,raymember_grounded,1,True,True,False,False,False,False,True,True,257.59,21,True,True,False,False,False,False,True
sc_42_0083_entity_confusion,ENTITY_CONFUSION,baseline,2,False,False,True,True,False,False,False,False,0.02,83,False,False,False,False,False,False,False
sc_42_0083_entity_confusion,ENTITY_CONFUSION,full_context,2,True,True,False,False,False,False,False,False,0.09,166,False,False,False,False,False,True,False
sc_42_0083_entity_confusion,ENTITY_CONFUSION,naive_retrieval,2,True,True,False,False,False,False,False,False,0.18,167,False,False,False,False,False,True,False
sc_42_0083_entity_confusion,ENTITY_CONFUSION,raymember,2,True,True,False,False,False,False,False,False,240.89,182,False,False,False,False,False,True,False
sc_42_0083_entity_confusion,ENTITY_CONFUSION,raymember_grounded,2,True,True,False,False,False,False,False,True,229.31,11,True,True,False,False,False,True,False
sc_42_0084_false_premise,FALSE_PREMISE,baseline,2,False,False,True,False,True,False,False,True,0.01,87,False,False,False,False,False,False,False
sc_42_0084_false_premise,FALSE_PREMISE,full_context,2,False,False,True,False,True,True,False,True,0.10,171,False,False,False,False,False,False,False
sc_42_0084_false_premise,FALSE_PREMISE,naive_retrieval,2,False,False,True,False,True,True,False,True,0.14,172,False,False,False,False,False,False,False
sc_42_0084_false_premise,FALSE_PREMISE,raymember,2,False,False,True,False,True,True,False,True,221.39,222,False,False,False,False,False,False,False
sc_42_0084_false_premise,FALSE_PREMISE,raymember_grounded,2,True,True,False,False,False,False,False,True,234.07,16,True,True,False,False,True,False,False
sc_42_0085_current_state,CURRENT_STATE,baseline,2,False,False,True,True,False,False,False,False,0.01,85,False,False,False,False,False,False,False
sc_42_0085_current_state,CURRENT_STATE,full_context,2,False,False,True,True,True,True,False,False,0.08,171,False,False,False,False,False,False,False
sc_42_0085_current_state,CURRENT_STATE,naive_retrieval,2,False,False,True,True,True,True,False,False,0.09,172,False,False,False,False,False,False,False
sc_42_0085_current_state,CURRENT_STATE,raymember,2,False,False,True,True,False,True,False,False,225.94,221,False,False,False,False,False,False,False
sc_42_0085_current_state,CURRENT_STATE,raymember_grounded,2,False,False,True,True,True,True,False,True,222.40,13,True,True,False,False,False,False,False
sc_42_0086_conflict_resolution,CONFLICT_RESOLUTION,baseline,2,False,False,True,True,False,False,False,False,0.01,93,False,False,False,False,False,False,False
sc_42_0086_conflict_resolution,CONFLICT_RESOLUTION,full_context,2,True,True,False,False,False,False,False,True,0.07,182,False,False,False,False,False,False,False
sc_42_0086_conflict_resolution,CONFLICT_RESOLUTION,naive_retrieval,2,True,True,False,False,False,False,False,True,0.10,183,False,False,False,False,False,False,False
sc_42_0086_conflict_resolution,CONFLICT_RESOLUTION,raymember,2,True,True,False,False,False,False,False,True,252.08,275,False,False,False,False,False,False,False
sc_42_0086_conflict_resolution,CONFLICT_RESOLUTION,raymember_grounded,2,True,True,False,False,False,False,False,True,269.97,21,True,True,False,False,False,False,False
sc_42_0087_temporal_reasoning,TEMPORAL_REASONING,baseline,3,False,False,True,True,False,False,False,True,0.01,87,False,False,False,False,False,False,False
sc_42_0087_temporal_reasoning,TEMPORAL_REASONING,full_context,3,True,True,False,False,False,False,False,True,0.07,207,False,False,False,False,False,False,False
sc_42_0087_temporal_reasoning,TEMPORAL_REASONING,naive_retrieval,3,True,True,False,False,False,False,False,True,0.14,208,False,False,False,False,False,False,False
sc_42_0087_temporal_reasoning,TEMPORAL_REASONING,raymember,3,True,True,False,False,False,False,False,True,257.95,250,False,False,False,False,False,False,False
sc_42_0087_temporal_reasoning,TEMPORAL_REASONING,raymember_grounded,3,False,False,True,True,True,True,False,True,249.29,16,True,True,False,False,False,False,False
sc_42_0088_distractor_resistance,DISTRACTOR_RESISTANCE,baseline,250,False,False,True,True,False,False,False,False,0.01,83,False,False,False,False,False,False,False
sc_42_0088_distractor_resistance,DISTRACTOR_RESISTANCE,full_context,250,True,True,False,False,False,False,False,False,1.37,9262,False,False,False,False,False,False,False
sc_42_0088_distractor_resistance,DISTRACTOR_RESISTANCE,naive_retrieval,250,True,True,False,False,False,False,False,False,4.87,279,False,False,False,False,False,False,False
sc_42_0088_distractor_resistance,DISTRACTOR_RESISTANCE,raymember,250,True,True,False,False,False,False,False,False,5164.90,216,False,False,False,False,False,False,False
sc_42_0088_distractor_resistance,DISTRACTOR_RESISTANCE,raymember_grounded,250,True,True,False,False,False,False,False,True,4859.49,12,True,True,False,False,False,False,False
sc_42_0089_cross_session_persistence,CROSS_SESSION_PERSISTENCE,baseline,1,False,False,True,True,False,False,False,False,0.01,90,False,False,False,False,False,False,False
sc_42_0089_cross_session_persistence,CROSS_SESSION_PERSISTENCE,full_context,1,False,False,True,True,False,True,False,False,0.06,136,False,False,False,False,False,False,False
sc_42_0089_cross_session_persistence,CROSS_SESSION_PERSISTENCE,naive_retrieval,1,False,False,True,True,False,True,False,False,0.09,137,False,False,False,False,False,False,False
sc_42_0089_cross_session_persistence,CROSS_SESSION_PERSISTENCE,raymember,1,False,False,True,True,False,True,False,False,218.30,197,False,False,False,False,False,False,False
sc_42_0089_cross_session_persistence,CROSS_SESSION_PERSISTENCE,raymember_grounded,1,False,False,True,True,True,True,False,True,234.51,18,True,True,False,False,False,False,False
sc_42_0090_missing_info,MISSING_INFO,baseline,1,True,True,False,False,False,False,True,True,0.01,89,False,False,False,False,False,False,False
sc_42_0090_missing_info,MISSING_INFO,full_context,1,False,False,True,False,True,True,False,True,0.05,134,False,False,False,False,False,False,False
sc_42_0090_missing_info,MISSING_INFO,naive_retrieval,1,False,False,True,False,True,True,False,True,0.06,135,False,False,False,False,False,False,False
sc_42_0090_missing_info,MISSING_INFO,raymember,1,False,False,True,False,True,True,False,True,193.47,194,False,False,False,False,False,False,False
sc_42_0090_missing_info,MISSING_INFO,raymember_grounded,1,True,True,False,False,False,False,True,True,200.75,18,True,True,False,False,False,False,False
sc_42_0091_contradictory_evidence,CONTRADICTORY_EVIDENCE,baseline,2,False,False,True,True,False,False,False,False,0.01,94,False,False,False,False,False,False,False
sc_42_0091_contradictory_evidence,CONTRADICTORY_EVIDENCE,full_context,2,False,False,True,True,True,True,False,True,0.09,180,False,False,False,False,False,False,False
sc_42_0091_contradictory_evidence,CONTRADICTORY_EVIDENCE,naive_retrieval,2,False,False,True,True,True,True,False,True,0.16,181,False,False,False,False,False,False,False
sc_42_0091_contradictory_evidence,CONTRADICTORY_EVIDENCE,raymember,2,False,False,True,True,True,True,False,True,208.88,242,False,False,False,False,False,False,False
sc_42_0091_contradictory_evidence,CONTRADICTORY_EVIDENCE,raymember_grounded,2,False,False,True,True,True,True,False,False,253.11,23,True,True,False,False,False,False,False
sc_42_0092_uncertain_evidence,UNCERTAIN_EVIDENCE,baseline,2,True,True,False,False,False,False,True,True,0.01,83,False,False,False,False,False,False,False
sc_42_0092_uncertain_evidence,UNCERTAIN_EVIDENCE,full_context,2,False,False,True,False,True,True,False,True,0.08,165,False,False,False,False,False,False,False
sc_42_0092_uncertain_evidence,UNCERTAIN_EVIDENCE,naive_retrieval,2,False,False,True,False,True,True,False,True,0.10,166,False,False,False,False,False,False,False
sc_42_0092_uncertain_evidence,UNCERTAIN_EVIDENCE,raymember,2,True,True,False,False,False,False,True,True,257.41,212,False,False,False,False,False,False,False
sc_42_0092_uncertain_evidence,UNCERTAIN_EVIDENCE,raymember_grounded,2,False,False,True,False,True,False,False,True,228.12,11,True,True,False,False,False,False,False
sc_42_0093_distractor_hallucination,DISTRACTOR_HALLUCINATION,baseline,250,True,True,False,False,False,False,True,True,0.01,90,False,False,False,False,False,False,False
sc_42_0093_distractor_hallucination,DISTRACTOR_HALLUCINATION,full_context,250,False,False,True,False,True,True,False,True,2.09,11837,False,False,False,False,False,False,False
sc_42_0093_distractor_hallucination,DISTRACTOR_HALLUCINATION,naive_retrieval,250,False,False,True,False,True,True,False,True,4.32,323,False,False,False,False,False,False,False
sc_42_0093_distractor_hallucination,DISTRACTOR_HALLUCINATION,raymember,250,True,True,False,False,False,False,True,True,4888.36,193,False,False,False,False,False,False,False
sc_42_0093_distractor_hallucination,DISTRACTOR_HALLUCINATION,raymember_grounded,250,True,True,False,False,False,False,True,True,4888.60,18,True,True,False,False,False,False,False
sc_42_0094_temporal_hallucination,TEMPORAL_HALLUCINATION,baseline,1,True,True,False,False,False,False,True,True,0.04,92,False,False,False,False,False,False,False
sc_42_0094_temporal_hallucination,TEMPORAL_HALLUCINATION,full_context,1,False,False,True,False,True,True,False,True,0.03,138,False,False,False,False,False,False,False
sc_42_0094_temporal_hallucination,TEMPORAL_HALLUCINATION,naive_retrieval,1,False,False,True,False,True,True,False,True,0.07,139,False,False,False,False,False,False,False
sc_42_0094_temporal_hallucination,TEMPORAL_HALLUCINATION,raymember,1,False,False,True,False,True,True,False,True,204.97,202,False,False,False,False,False,False,False
sc_42_0094_temporal_hallucination,TEMPORAL_HALLUCINATION,raymember_grounded,1,True,True,False,False,False,False,True,True,212.56,21,True,True,False,False,False,False,True
sc_42_0095_entity_confusion,ENTITY_CONFUSION,baseline,2,False,False,True,True,False,False,False,False,0.01,83,False,False,False,False,False,False,False
sc_42_0095_entity_confusion,ENTITY_CONFUSION,full_context,2,True,True,False,False,False,False,False,False,0.06,166,False,False,False,False,False,True,False
sc_42_0095_entity_confusion,ENTITY_CONFUSION,naive_retrieval,2,True,True,False,False,False,False,False,False,0.13,167,False,False,False,False,False,True,False
sc_42_0095_entity_confusion,ENTITY_CONFUSION,raymember,2,True,True,False,False,False,False,False,False,209.76,182,False,False,False,False,False,True,False
sc_42_0095_entity_confusion,ENTITY_CONFUSION,raymember_grounded,2,True,True,False,False,False,False,False,True,244.78,11,True,True,False,False,False,True,False
sc_42_0096_false_premise,FALSE_PREMISE,baseline,2,False,False,True,False,True,False,False,True,0.01,87,False,False,False,False,False,False,False
sc_42_0096_false_premise,FALSE_PREMISE,full_context,2,False,False,True,False,True,True,False,True,0.06,171,False,False,False,False,False,False,False
sc_42_0096_false_premise,FALSE_PREMISE,naive_retrieval,2,False,False,True,False,True,True,False,True,0.12,172,False,False,False,False,False,False,False
sc_42_0096_false_premise,FALSE_PREMISE,raymember,2,False,False,True,False,True,True,False,True,261.39,222,False,False,False,False,False,False,False
sc_42_0096_false_premise,FALSE_PREMISE,raymember_grounded,2,True,True,False,False,False,False,False,True,233.90,16,True,True,False,False,True,False,False
sc_42_0097_current_state,CURRENT_STATE,baseline,2,False,False,True,True,False,False,False,False,0.01,85,False,False,False,False,False,False,False
sc_42_0097_current_state,CURRENT_STATE,full_context,2,False,False,True,True,True,True,False,False,0.07,168,False,False,False,False,False,False,False
sc_42_0097_current_state,CURRENT_STATE,naive_retrieval,2,False,False,True,True,True,True,False,False,0.14,169,False,False,False,False,False,False,False
sc_42_0097_current_state,CURRENT_STATE,raymember,2,False,False,True,True,True,True,False,False,250.69,216,False,False,False,False,False,False,False
sc_42_0097_current_state,CURRENT_STATE,raymember_grounded,2,False,False,True,True,True,True,False,True,272.25,13,True,True,False,False,False,False,False
sc_42_0098_conflict_resolution,CONFLICT_RESOLUTION,baseline,2,False,False,True,True,False,False,False,False,0.01,93,False,False,False,False,False,False,False
sc_42_0098_conflict_resolution,CONFLICT_RESOLUTION,full_context,2,True,True,False,False,False,False,False,True,0.11,182,False,False,False,False,False,False,False
sc_42_0098_conflict_resolution,CONFLICT_RESOLUTION,naive_retrieval,2,True,True,False,False,False,False,False,True,0.17,183,False,False,False,False,False,False,False
sc_42_0098_conflict_resolution,CONFLICT_RESOLUTION,raymember,2,True,True,False,False,False,False,False,True,238.32,275,False,False,False,False,False,False,False
sc_42_0098_conflict_resolution,CONFLICT_RESOLUTION,raymember_grounded,2,True,True,False,False,False,False,False,True,241.29,21,True,True,False,False,False,False,False
sc_42_0099_temporal_reasoning,TEMPORAL_REASONING,baseline,3,False,False,True,True,False,False,False,True,0.01,88,False,False,False,False,False,False,False
sc_42_0099_temporal_reasoning,TEMPORAL_REASONING,full_context,3,True,True,False,False,False,False,False,True,0.06,211,False,False,False,False,False,False,False
sc_42_0099_temporal_reasoning,TEMPORAL_REASONING,naive_retrieval,3,True,True,False,False,False,False,False,True,0.11,212,False,False,False,False,False,False,False
sc_42_0099_temporal_reasoning,TEMPORAL_REASONING,raymember,3,True,True,False,False,False,False,False,True,262.42,256,False,False,False,False,False,False,False
sc_42_0099_temporal_reasoning,TEMPORAL_REASONING,raymember_grounded,3,False,False,True,True,True,True,False,True,255.76,17,True,True,False,False,False,False,False
sc_42_0100_distractor_resistance,DISTRACTOR_RESISTANCE,baseline,1000,False,False,True,True,False,False,False,False,0.01,83,False,False,False,False,False,False,False
sc_42_0100_distractor_resistance,DISTRACTOR_RESISTANCE,full_context,1000,True,True,False,False,False,False,False,False,4.86,36733,False,False,False,False,False,False,False
sc_42_0100_distractor_resistance,DISTRACTOR_RESISTANCE,naive_retrieval,1000,True,True,False,False,False,False,False,False,14.91,279,False,False,False,False,False,False,False
sc_42_0100_distractor_resistance,DISTRACTOR_RESISTANCE,raymember,1000,True,True,False,False,False,False,False,False,21670.60,216,False,False,False,False,False,False,False
sc_42_0100_distractor_resistance,DISTRACTOR_RESISTANCE,raymember_grounded,1000,True,True,False,False,False,False,False,True,22811.82,12,True,True,False,False,False,False,False
sc_42_0101_cross_session_persistence,CROSS_SESSION_PERSISTENCE,baseline,1,False,False,True,True,False,False,False,False,0.01,90,False,False,False,False,False,False,False
sc_42_0101_cross_session_persistence,CROSS_SESSION_PERSISTENCE,full_context,1,False,False,True,True,False,True,False,False,0.04,136,False,False,False,False,False,False,False
sc_42_0101_cross_session_persistence,CROSS_SESSION_PERSISTENCE,naive_retrieval,1,False,False,True,True,False,True,False,False,0.05,137,False,False,False,False,False,False,False
sc_42_0101_cross_session_persistence,CROSS_SESSION_PERSISTENCE,raymember,1,False,False,True,True,False,True,False,False,222.92,197,False,False,False,False,False,False,False
sc_42_0101_cross_session_persistence,CROSS_SESSION_PERSISTENCE,raymember_grounded,1,False,False,True,True,True,True,False,True,235.43,18,True,True,False,False,False,False,False
sc_42_0102_missing_info,MISSING_INFO,baseline,1,True,True,False,False,False,False,True,True,0.01,89,False,False,False,False,False,False,False
sc_42_0102_missing_info,MISSING_INFO,full_context,1,False,False,True,False,True,True,False,True,0.04,134,False,False,False,False,False,False,False
sc_42_0102_missing_info,MISSING_INFO,naive_retrieval,1,False,False,True,False,True,True,False,True,0.06,135,False,False,False,False,False,False,False
sc_42_0102_missing_info,MISSING_INFO,raymember,1,False,False,True,False,True,True,False,True,191.13,194,False,False,False,False,False,False,False
sc_42_0102_missing_info,MISSING_INFO,raymember_grounded,1,True,True,False,False,False,False,True,True,206.83,18,True,True,False,False,False,False,False
sc_42_0103_contradictory_evidence,CONTRADICTORY_EVIDENCE,baseline,2,False,False,True,True,False,False,False,False,0.01,94,False,False,False,False,False,False,False
sc_42_0103_contradictory_evidence,CONTRADICTORY_EVIDENCE,full_context,2,False,False,True,True,True,True,False,True,0.07,180,False,False,False,False,False,False,False
sc_42_0103_contradictory_evidence,CONTRADICTORY_EVIDENCE,naive_retrieval,2,False,False,True,True,True,True,False,True,0.16,181,False,False,False,False,False,False,False
sc_42_0103_contradictory_evidence,CONTRADICTORY_EVIDENCE,raymember,2,False,False,True,True,True,True,False,True,204.40,242,False,False,False,False,False,False,False
sc_42_0103_contradictory_evidence,CONTRADICTORY_EVIDENCE,raymember_grounded,2,False,False,True,True,True,True,False,False,222.12,23,True,True,False,False,False,False,False
sc_42_0104_uncertain_evidence,UNCERTAIN_EVIDENCE,baseline,2,True,True,False,False,False,False,True,True,0.01,83,False,False,False,False,False,False,False
sc_42_0104_uncertain_evidence,UNCERTAIN_EVIDENCE,full_context,2,False,False,True,False,True,True,False,True,0.05,165,False,False,False,False,False,False,False
sc_42_0104_uncertain_evidence,UNCERTAIN_EVIDENCE,naive_retrieval,2,False,False,True,False,True,True,False,True,0.08,166,False,False,False,False,False,False,False
sc_42_0104_uncertain_evidence,UNCERTAIN_EVIDENCE,raymember,2,True,True,False,False,False,False,True,True,209.82,212,False,False,False,False,False,False,False
sc_42_0104_uncertain_evidence,UNCERTAIN_EVIDENCE,raymember_grounded,2,False,False,True,False,True,False,False,True,210.68,11,True,True,False,False,False,False,False
sc_42_0105_distractor_hallucination,DISTRACTOR_HALLUCINATION,baseline,1000,True,True,False,False,False,False,True,True,0.01,90,False,False,False,False,False,False,False
sc_42_0105_distractor_hallucination,DISTRACTOR_HALLUCINATION,full_context,1000,False,False,True,False,True,True,False,True,4.34,47087,False,False,False,False,False,False,False
sc_42_0105_distractor_hallucination,DISTRACTOR_HALLUCINATION,naive_retrieval,1000,False,False,True,False,True,True,False,True,11.38,323,False,False,False,False,False,False,False
sc_42_0105_distractor_hallucination,DISTRACTOR_HALLUCINATION,raymember,1000,True,True,False,False,False,False,True,True,18339.16,193,False,False,False,False,False,False,False
sc_42_0105_distractor_hallucination,DISTRACTOR_HALLUCINATION,raymember_grounded,1000,True,True,False,False,False,False,True,True,17568.62,18,True,True,False,False,False,False,False
sc_42_0106_temporal_hallucination,TEMPORAL_HALLUCINATION,baseline,1,True,True,False,False,False,False,True,True,0.05,92,False,False,False,False,False,False,False
sc_42_0106_temporal_hallucination,TEMPORAL_HALLUCINATION,full_context,1,False,False,True,False,True,True,False,True,0.03,138,False,False,False,False,False,False,False
sc_42_0106_temporal_hallucination,TEMPORAL_HALLUCINATION,naive_retrieval,1,False,False,True,False,True,True,False,True,0.08,139,False,False,False,False,False,False,False
sc_42_0106_temporal_hallucination,TEMPORAL_HALLUCINATION,raymember,1,False,False,True,False,True,True,False,True,192.85,202,False,False,False,False,False,False,False
sc_42_0106_temporal_hallucination,TEMPORAL_HALLUCINATION,raymember_grounded,1,True,True,False,False,False,False,True,True,206.42,21,True,True,False,False,False,False,True
sc_42_0107_entity_confusion,ENTITY_CONFUSION,baseline,2,False,False,True,True,False,False,False,False,0.01,83,False,False,False,False,False,False,False
sc_42_0107_entity_confusion,ENTITY_CONFUSION,full_context,2,True,True,False,False,False,False,False,False,0.06,166,False,False,False,False,False,True,False
sc_42_0107_entity_confusion,ENTITY_CONFUSION,naive_retrieval,2,True,True,False,False,False,False,False,False,0.14,167,False,False,False,False,False,True,False
sc_42_0107_entity_confusion,ENTITY_CONFUSION,raymember,2,True,True,False,False,False,False,False,False,217.39,182,False,False,False,False,False,True,False
sc_42_0107_entity_confusion,ENTITY_CONFUSION,raymember_grounded,2,True,True,False,False,False,False,False,True,228.58,11,True,True,False,False,False,True,False
sc_42_0108_false_premise,FALSE_PREMISE,baseline,2,False,False,True,False,True,False,False,True,0.01,87,False,False,False,False,False,False,False
sc_42_0108_false_premise,FALSE_PREMISE,full_context,2,False,False,True,False,True,True,False,True,0.05,171,False,False,False,False,False,False,False
sc_42_0108_false_premise,FALSE_PREMISE,naive_retrieval,2,False,False,True,False,True,True,False,True,0.09,172,False,False,False,False,False,False,False
sc_42_0108_false_premise,FALSE_PREMISE,raymember,2,False,False,True,False,True,True,False,True,227.61,222,False,False,False,False,False,False,False
sc_42_0108_false_premise,FALSE_PREMISE,raymember_grounded,2,True,True,False,False,False,False,False,True,225.85,16,True,True,False,False,True,False,False
sc_42_0109_current_state,CURRENT_STATE,baseline,2,False,False,True,True,False,False,False,False,0.01,85,False,False,False,False,False,False,False
sc_42_0109_current_state,CURRENT_STATE,full_context,2,False,False,True,True,True,True,False,False,0.05,171,False,False,False,False,False,False,False
sc_42_0109_current_state,CURRENT_STATE,naive_retrieval,2,False,False,True,True,True,True,False,False,0.06,172,False,False,False,False,False,False,False
sc_42_0109_current_state,CURRENT_STATE,raymember,2,False,False,True,True,False,True,False,False,224.11,221,False,False,False,False,False,False,False
sc_42_0109_current_state,CURRENT_STATE,raymember_grounded,2,False,False,True,True,True,True,False,True,226.01,13,True,True,False,False,False,False,False
sc_42_0110_conflict_resolution,CONFLICT_RESOLUTION,baseline,2,False,False,True,True,False,False,False,False,0.01,93,False,False,False,False,False,False,False
sc_42_0110_conflict_resolution,CONFLICT_RESOLUTION,full_context,2,True,True,False,False,False,False,False,True,0.05,182,False,False,False,False,False,False,False
sc_42_0110_conflict_resolution,CONFLICT_RESOLUTION,naive_retrieval,2,True,True,False,False,False,False,False,True,0.08,183,False,False,False,False,False,False,False
sc_42_0110_conflict_resolution,CONFLICT_RESOLUTION,raymember,2,True,True,False,False,False,False,False,True,221.65,275,False,False,False,False,False,False,False
sc_42_0110_conflict_resolution,CONFLICT_RESOLUTION,raymember_grounded,2,True,True,False,False,False,False,False,True,222.83,21,True,True,False,False,False,False,False
sc_42_0111_temporal_reasoning,TEMPORAL_REASONING,baseline,3,False,False,True,True,False,False,False,True,0.01,87,False,False,False,False,False,False,False
sc_42_0111_temporal_reasoning,TEMPORAL_REASONING,full_context,3,True,True,False,False,False,False,False,True,0.04,207,False,False,False,False,False,False,False
sc_42_0111_temporal_reasoning,TEMPORAL_REASONING,naive_retrieval,3,True,True,False,False,False,False,False,True,0.10,208,False,False,False,False,False,False,False
sc_42_0111_temporal_reasoning,TEMPORAL_REASONING,raymember,3,True,True,False,False,False,False,False,True,242.11,250,False,False,False,False,False,False,False
sc_42_0111_temporal_reasoning,TEMPORAL_REASONING,raymember_grounded,3,False,False,True,True,True,True,False,True,277.12,16,True,True,False,False,False,False,False
sc_42_0112_distractor_resistance,DISTRACTOR_RESISTANCE,baseline,100,False,False,True,True,False,False,False,False,0.02,83,False,False,False,False,False,False,False
sc_42_0112_distractor_resistance,DISTRACTOR_RESISTANCE,full_context,100,True,True,False,False,False,False,False,False,1.07,3839,False,False,False,False,False,False,False
sc_42_0112_distractor_resistance,DISTRACTOR_RESISTANCE,naive_retrieval,100,True,True,False,False,False,False,False,False,2.46,279,False,False,False,False,False,False,False
sc_42_0112_distractor_resistance,DISTRACTOR_RESISTANCE,raymember,100,True,True,False,False,False,False,False,False,1689.60,216,False,False,False,False,False,False,False
sc_42_0112_distractor_resistance,DISTRACTOR_RESISTANCE,raymember_grounded,100,True,True,False,False,False,False,False,True,1702.60,12,True,True,False,False,False,False,False
sc_42_0113_cross_session_persistence,CROSS_SESSION_PERSISTENCE,baseline,1,False,False,True,True,False,False,False,False,0.01,90,False,False,False,False,False,False,False
sc_42_0113_cross_session_persistence,CROSS_SESSION_PERSISTENCE,full_context,1,False,False,True,True,False,True,False,False,0.04,136,False,False,False,False,False,False,False
sc_42_0113_cross_session_persistence,CROSS_SESSION_PERSISTENCE,naive_retrieval,1,False,False,True,True,False,True,False,False,0.05,137,False,False,False,False,False,False,False
sc_42_0113_cross_session_persistence,CROSS_SESSION_PERSISTENCE,raymember,1,False,False,True,True,False,True,False,False,213.59,197,False,False,False,False,False,False,False
sc_42_0113_cross_session_persistence,CROSS_SESSION_PERSISTENCE,raymember_grounded,1,False,False,True,True,True,True,False,True,229.96,18,True,True,False,False,False,False,False
sc_42_0114_missing_info,MISSING_INFO,baseline,1,True,True,False,False,False,False,True,True,0.01,89,False,False,False,False,False,False,False
sc_42_0114_missing_info,MISSING_INFO,full_context,1,False,False,True,False,True,True,False,True,0.06,134,False,False,False,False,False,False,False
sc_42_0114_missing_info,MISSING_INFO,naive_retrieval,1,False,False,True,False,True,True,False,True,0.09,135,False,False,False,False,False,False,False
sc_42_0114_missing_info,MISSING_INFO,raymember,1,False,False,True,False,True,True,False,True,199.63,194,False,False,False,False,False,False,False
sc_42_0114_missing_info,MISSING_INFO,raymember_grounded,1,True,True,False,False,False,False,True,True,210.98,18,True,True,False,False,False,False,False
sc_42_0115_contradictory_evidence,CONTRADICTORY_EVIDENCE,baseline,2,False,False,True,True,False,False,False,False,0.01,94,False,False,False,False,False,False,False
sc_42_0115_contradictory_evidence,CONTRADICTORY_EVIDENCE,full_context,2,False,False,True,True,True,True,False,True,0.08,180,False,False,False,False,False,False,False
sc_42_0115_contradictory_evidence,CONTRADICTORY_EVIDENCE,naive_retrieval,2,False,False,True,True,True,True,False,True,0.12,181,False,False,False,False,False,False,False
sc_42_0115_contradictory_evidence,CONTRADICTORY_EVIDENCE,raymember,2,False,False,True,True,True,True,False,True,202.17,242,False,False,False,False,False,False,False
sc_42_0115_contradictory_evidence,CONTRADICTORY_EVIDENCE,raymember_grounded,2,False,False,True,True,True,True,False,False,220.64,23,True,True,False,False,False,False,False
sc_42_0116_uncertain_evidence,UNCERTAIN_EVIDENCE,baseline,2,True,True,False,False,False,False,True,True,0.01,83,False,False,False,False,False,False,False
sc_42_0116_uncertain_evidence,UNCERTAIN_EVIDENCE,full_context,2,False,False,True,False,True,True,False,True,0.05,165,False,False,False,False,False,False,False
sc_42_0116_uncertain_evidence,UNCERTAIN_EVIDENCE,naive_retrieval,2,False,False,True,False,True,True,False,True,0.10,166,False,False,False,False,False,False,False
sc_42_0116_uncertain_evidence,UNCERTAIN_EVIDENCE,raymember,2,True,True,False,False,False,False,True,True,214.17,212,False,False,False,False,False,False,False
sc_42_0116_uncertain_evidence,UNCERTAIN_EVIDENCE,raymember_grounded,2,False,False,True,False,True,False,False,True,232.93,11,True,True,False,False,False,False,False
sc_42_0117_distractor_hallucination,DISTRACTOR_HALLUCINATION,baseline,100,True,True,False,False,False,False,True,True,0.01,90,False,False,False,False,False,False,False
sc_42_0117_distractor_hallucination,DISTRACTOR_HALLUCINATION,full_context,100,False,False,True,False,True,True,False,True,0.69,4787,False,False,False,False,False,False,False
sc_42_0117_distractor_hallucination,DISTRACTOR_HALLUCINATION,naive_retrieval,100,False,False,True,False,True,True,False,True,1.51,323,False,False,False,False,False,False,False
sc_42_0117_distractor_hallucination,DISTRACTOR_HALLUCINATION,raymember,100,True,True,False,False,False,False,True,True,1841.46,193,False,False,False,False,False,False,False
sc_42_0117_distractor_hallucination,DISTRACTOR_HALLUCINATION,raymember_grounded,100,True,True,False,False,False,False,True,True,1816.84,18,True,True,False,False,False,False,False
sc_42_0118_temporal_hallucination,TEMPORAL_HALLUCINATION,baseline,1,True,True,False,False,False,False,True,True,0.04,92,False,False,False,False,False,False,False
sc_42_0118_temporal_hallucination,TEMPORAL_HALLUCINATION,full_context,1,False,False,True,False,True,True,False,True,0.03,138,False,False,False,False,False,False,False
sc_42_0118_temporal_hallucination,TEMPORAL_HALLUCINATION,naive_retrieval,1,False,False,True,False,True,True,False,True,0.06,139,False,False,False,False,False,False,False
sc_42_0118_temporal_hallucination,TEMPORAL_HALLUCINATION,raymember,1,False,False,True,False,True,True,False,True,187.04,202,False,False,False,False,False,False,False
sc_42_0118_temporal_hallucination,TEMPORAL_HALLUCINATION,raymember_grounded,1,True,True,False,False,False,False,True,True,199.41,21,True,True,False,False,False,False,True
sc_42_0119_entity_confusion,ENTITY_CONFUSION,baseline,2,False,False,True,True,False,False,False,False,0.01,83,False,False,False,False,False,False,False
sc_42_0119_entity_confusion,ENTITY_CONFUSION,full_context,2,True,True,False,False,False,False,False,False,0.05,166,False,False,False,False,False,True,False
sc_42_0119_entity_confusion,ENTITY_CONFUSION,naive_retrieval,2,True,True,False,False,False,False,False,False,0.10,167,False,False,False,False,False,True,False
sc_42_0119_entity_confusion,ENTITY_CONFUSION,raymember,2,True,True,False,False,False,False,False,False,204.99,182,False,False,False,False,False,True,False
sc_42_0119_entity_confusion,ENTITY_CONFUSION,raymember_grounded,2,True,True,False,False,False,False,False,True,211.67,11,True,True,False,False,False,True,False
sc_42_0120_false_premise,FALSE_PREMISE,baseline,2,False,False,True,False,True,False,False,True,0.01,87,False,False,False,False,False,False,False
sc_42_0120_false_premise,FALSE_PREMISE,full_context,2,False,False,True,False,True,True,False,True,0.04,171,False,False,False,False,False,False,False
sc_42_0120_false_premise,FALSE_PREMISE,naive_retrieval,2,False,False,True,False,True,True,False,True,0.06,172,False,False,False,False,False,False,False
sc_42_0120_false_premise,FALSE_PREMISE,raymember,2,False,False,True,False,True,True,False,True,237.31,222,False,False,False,False,False,False,False
sc_42_0120_false_premise,FALSE_PREMISE,raymember_grounded,2,True,True,False,False,False,False,False,True,312.50,16,True,True,False,False,True,False,False
sc_42_0001_current_state,CURRENT_STATE,baseline,2,False,False,True,True,False,False,False,False,0.02,85,False,False,False,False,False,False,False
sc_42_0001_current_state,CURRENT_STATE,full_context,2,False,False,True,True,True,True,False,False,0.13,168,False,False,False,False,False,False,False
sc_42_0001_current_state,CURRENT_STATE,naive_retrieval,2,False,False,True,True,True,True,False,False,0.20,169,False,False,False,False,False,False,False
sc_42_0001_current_state,CURRENT_STATE,raymember,2,False,False,True,True,True,True,False,False,266.16,216,False,False,False,False,False,False,False
sc_42_0001_current_state,CURRENT_STATE,raymember_grounded,2,False,False,True,True,True,True,False,True,262.35,13,True,True,False,False,False,False,False
sc_42_0002_conflict_resolution,CONFLICT_RESOLUTION,baseline,2,False,False,True,True,False,False,False,False,0.01,93,False,False,False,False,False,False,False
sc_42_0002_conflict_resolution,CONFLICT_RESOLUTION,full_context,2,True,True,False,False,False,False,False,True,0.09,182,False,False,False,False,False,False,False
sc_42_0002_conflict_resolution,CONFLICT_RESOLUTION,naive_retrieval,2,True,True,False,False,False,False,False,True,0.16,183,False,False,False,False,False,False,False
sc_42_0002_conflict_resolution,CONFLICT_RESOLUTION,raymember,2,True,True,False,False,False,False,False,True,248.35,275,False,False,False,False,False,False,False
sc_42_0002_conflict_resolution,CONFLICT_RESOLUTION,raymember_grounded,2,True,True,False,False,False,False,False,True,215.99,21,True,True,False,False,False,False,False
sc_42_0003_temporal_reasoning,TEMPORAL_REASONING,baseline,3,False,False,True,True,False,False,False,True,0.01,88,False,False,False,False,False,False,False
sc_42_0003_temporal_reasoning,TEMPORAL_REASONING,full_context,3,True,True,False,False,False,False,False,True,0.04,211,False,False,False,False,False,False,False
sc_42_0003_temporal_reasoning,TEMPORAL_REASONING,naive_retrieval,3,True,True,False,False,False,False,False,True,0.08,212,False,False,False,False,False,False,False
sc_42_0003_temporal_reasoning,TEMPORAL_REASONING,raymember,3,True,True,False,False,False,False,False,True,264.59,256,False,False,False,False,False,False,False
sc_42_0003_temporal_reasoning,TEMPORAL_REASONING,raymember_grounded,3,False,False,True,True,True,True,False,True,228.74,17,True,True,False,False,False,False,False
sc_42_0004_distractor_resistance,DISTRACTOR_RESISTANCE,baseline,500,False,False,True,True,False,False,False,False,0.01,83,False,False,False,False,False,False,False
sc_42_0004_distractor_resistance,DISTRACTOR_RESISTANCE,full_context,500,True,True,False,False,False,False,False,False,2.13,18426,False,False,False,False,False,False,False
sc_42_0004_distractor_resistance,DISTRACTOR_RESISTANCE,naive_retrieval,500,True,True,False,False,False,False,False,False,5.82,279,False,False,False,False,False,False,False
sc_42_0004_distractor_resistance,DISTRACTOR_RESISTANCE,raymember,500,True,True,False,False,False,False,False,False,9431.02,216,False,False,False,False,False,False,False
sc_42_0004_distractor_resistance,DISTRACTOR_RESISTANCE,raymember_grounded,500,True,True,False,False,False,False,False,True,9147.00,12,True,True,False,False,False,False,False
sc_42_0005_cross_session_persistence,CROSS_SESSION_PERSISTENCE,baseline,1,False,False,True,True,False,False,False,False,0.01,90,False,False,False,False,False,False,False
sc_42_0005_cross_session_persistence,CROSS_SESSION_PERSISTENCE,full_context,1,False,False,True,True,False,True,False,False,0.05,136,False,False,False,False,False,False,False
sc_42_0005_cross_session_persistence,CROSS_SESSION_PERSISTENCE,naive_retrieval,1,False,False,True,True,False,True,False,False,0.09,137,False,False,False,False,False,False,False
sc_42_0005_cross_session_persistence,CROSS_SESSION_PERSISTENCE,raymember,1,False,False,True,True,False,True,False,False,221.93,197,False,False,False,False,False,False,False
sc_42_0005_cross_session_persistence,CROSS_SESSION_PERSISTENCE,raymember_grounded,1,False,False,True,True,True,True,False,True,227.42,18,True,True,False,False,False,False,False
sc_42_0006_missing_info,MISSING_INFO,baseline,1,True,True,False,False,False,False,True,True,0.01,89,False,False,False,False,False,False,False
sc_42_0006_missing_info,MISSING_INFO,full_context,1,False,False,True,False,True,True,False,True,0.03,134,False,False,False,False,False,False,False
sc_42_0006_missing_info,MISSING_INFO,naive_retrieval,1,False,False,True,False,True,True,False,True,0.05,135,False,False,False,False,False,False,False
sc_42_0006_missing_info,MISSING_INFO,raymember,1,False,False,True,False,True,True,False,True,203.41,194,False,False,False,False,False,False,False
sc_42_0006_missing_info,MISSING_INFO,raymember_grounded,1,True,True,False,False,False,False,True,True,364.62,18,True,True,False,False,False,False,False
sc_42_0007_contradictory_evidence,CONTRADICTORY_EVIDENCE,baseline,2,False,False,True,True,False,False,False,False,0.01,94,False,False,False,False,False,False,False
sc_42_0007_contradictory_evidence,CONTRADICTORY_EVIDENCE,full_context,2,False,False,True,True,True,True,False,True,0.05,180,False,False,False,False,False,False,False
sc_42_0007_contradictory_evidence,CONTRADICTORY_EVIDENCE,naive_retrieval,2,False,False,True,True,True,True,False,True,0.09,181,False,False,False,False,False,False,False
sc_42_0007_contradictory_evidence,CONTRADICTORY_EVIDENCE,raymember,2,False,False,True,True,True,True,False,True,207.05,241,False,False,False,False,False,False,False
sc_42_0007_contradictory_evidence,CONTRADICTORY_EVIDENCE,raymember_grounded,2,False,False,True,True,True,True,False,False,211.24,22,True,True,False,False,False,False,False
sc_42_0008_uncertain_evidence,UNCERTAIN_EVIDENCE,baseline,2,True,True,False,False,False,False,True,True,0.01,83,False,False,False,False,False,False,False
sc_42_0008_uncertain_evidence,UNCERTAIN_EVIDENCE,full_context,2,False,False,True,False,True,True,False,True,0.04,165,False,False,False,False,False,False,False
sc_42_0008_uncertain_evidence,UNCERTAIN_EVIDENCE,naive_retrieval,2,False,False,True,False,True,True,False,True,0.06,166,False,False,False,False,False,False,False
sc_42_0008_uncertain_evidence,UNCERTAIN_EVIDENCE,raymember,2,True,True,False,False,False,False,True,True,209.08,211,False,False,False,False,False,False,False
sc_42_0008_uncertain_evidence,UNCERTAIN_EVIDENCE,raymember_grounded,2,False,False,True,False,True,False,False,True,221.90,11,True,True,False,False,False,False,False
sc_42_0009_distractor_hallucination,DISTRACTOR_HALLUCINATION,baseline,500,True,True,False,False,False,False,True,True,0.01,90,False,False,False,False,False,False,False
sc_42_0009_distractor_hallucination,DISTRACTOR_HALLUCINATION,full_context,500,False,False,True,False,True,True,False,True,2.91,23587,False,False,False,False,False,False,False
sc_42_0009_distractor_hallucination,DISTRACTOR_HALLUCINATION,naive_retrieval,500,False,False,True,False,True,True,False,True,7.91,323,False,False,False,False,False,False,False
sc_42_0009_distractor_hallucination,DISTRACTOR_HALLUCINATION,raymember,500,True,True,False,False,False,False,True,True,8612.59,193,False,False,False,False,False,False,False
sc_42_0009_distractor_hallucination,DISTRACTOR_HALLUCINATION,raymember_grounded,500,True,True,False,False,False,False,True,True,8572.41,18,True,True,False,False,False,False,False
sc_42_0010_temporal_hallucination,TEMPORAL_HALLUCINATION,baseline,1,True,True,False,False,False,False,True,True,0.03,92,False,False,False,False,False,False,False
sc_42_0010_temporal_hallucination,TEMPORAL_HALLUCINATION,full_context,1,False,False,True,False,True,True,False,True,0.02,138,False,False,False,False,False,False,False
sc_42_0010_temporal_hallucination,TEMPORAL_HALLUCINATION,naive_retrieval,1,False,False,True,False,True,True,False,True,0.05,139,False,False,False,False,False,False,False
sc_42_0010_temporal_hallucination,TEMPORAL_HALLUCINATION,raymember,1,False,False,True,False,True,True,False,True,200.26,202,False,False,False,False,False,False,False
sc_42_0010_temporal_hallucination,TEMPORAL_HALLUCINATION,raymember_grounded,1,True,True,False,False,False,False,True,True,213.86,21,True,True,False,False,False,False,True
sc_42_0011_entity_confusion,ENTITY_CONFUSION,baseline,2,False,False,True,True,False,False,False,False,0.01,83,False,False,False,False,False,False,False
sc_42_0011_entity_confusion,ENTITY_CONFUSION,full_context,2,True,True,False,False,False,False,False,False,0.03,166,False,False,False,False,False,True,False
sc_42_0011_entity_confusion,ENTITY_CONFUSION,naive_retrieval,2,True,True,False,False,False,False,False,False,0.06,167,False,False,False,False,False,True,False
sc_42_0011_entity_confusion,ENTITY_CONFUSION,raymember,2,True,True,False,False,False,False,False,False,212.46,182,False,False,False,False,False,True,False
sc_42_0011_entity_confusion,ENTITY_CONFUSION,raymember_grounded,2,True,True,False,False,False,False,False,True,223.00,11,True,True,False,False,False,True,False
sc_42_0012_false_premise,FALSE_PREMISE,baseline,2,False,False,True,False,True,False,False,True,0.01,87,False,False,False,False,False,False,False
sc_42_0012_false_premise,FALSE_PREMISE,full_context,2,False,False,True,False,True,True,False,True,0.05,171,False,False,False,False,False,False,False
sc_42_0012_false_premise,FALSE_PREMISE,naive_retrieval,2,False,False,True,False,True,True,False,True,0.12,172,False,False,False,False,False,False,False
sc_42_0012_false_premise,FALSE_PREMISE,raymember,2,False,False,True,False,True,True,False,True,209.17,222,False,False,False,False,False,False,False
sc_42_0012_false_premise,FALSE_PREMISE,raymember_grounded,2,True,True,False,False,False,False,False,True,210.11,16,True,True,False,False,True,False,False
sc_42_0013_current_state,CURRENT_STATE,baseline,2,False,False,True,True,False,False,False,False,0.01,85,False,False,False,False,False,False,False
sc_42_0013_current_state,CURRENT_STATE,full_context,2,False,False,True,True,True,True,False,False,0.04,171,False,False,False,False,False,False,False
sc_42_0013_current_state,CURRENT_STATE,naive_retrieval,2,False,False,True,True,True,True,False,False,0.08,172,False,False,False,False,False,False,False
sc_42_0013_current_state,CURRENT_STATE,raymember,2,False,False,True,True,False,True,False,False,249.86,221,False,False,False,False,False,False,False
sc_42_0013_current_state,CURRENT_STATE,raymember_grounded,2,False,False,True,True,True,True,False,True,206.79,13,True,True,False,False,False,False,False
sc_42_0014_conflict_resolution,CONFLICT_RESOLUTION,baseline,2,False,False,True,True,False,False,False,False,0.01,93,False,False,False,False,False,False,False
sc_42_0014_conflict_resolution,CONFLICT_RESOLUTION,full_context,2,True,True,False,False,False,False,False,True,0.05,182,False,False,False,False,False,False,False
sc_42_0014_conflict_resolution,CONFLICT_RESOLUTION,naive_retrieval,2,True,True,False,False,False,False,False,True,0.07,183,False,False,False,False,False,False,False
sc_42_0014_conflict_resolution,CONFLICT_RESOLUTION,raymember,2,True,True,False,False,False,False,False,True,208.98,275,False,False,False,False,False,False,False
sc_42_0014_conflict_resolution,CONFLICT_RESOLUTION,raymember_grounded,2,True,True,False,False,False,False,False,True,213.13,21,True,True,False,False,False,False,False
sc_42_0015_temporal_reasoning,TEMPORAL_REASONING,baseline,3,False,False,True,True,False,False,False,True,0.01,87,False,False,False,False,False,False,False
sc_42_0015_temporal_reasoning,TEMPORAL_REASONING,full_context,3,True,True,False,False,False,False,False,True,0.05,207,False,False,False,False,False,False,False
sc_42_0015_temporal_reasoning,TEMPORAL_REASONING,naive_retrieval,3,True,True,False,False,False,False,False,True,0.10,208,False,False,False,False,False,False,False
sc_42_0015_temporal_reasoning,TEMPORAL_REASONING,raymember,3,True,True,False,False,False,False,False,True,234.61,250,False,False,False,False,False,False,False
sc_42_0015_temporal_reasoning,TEMPORAL_REASONING,raymember_grounded,3,False,False,True,True,True,True,False,True,237.56,16,True,True,False,False,False,False,False
sc_42_0016_distractor_resistance,DISTRACTOR_RESISTANCE,baseline,50,False,False,True,True,False,False,False,False,0.01,83,False,False,False,False,False,False,False
sc_42_0016_distractor_resistance,DISTRACTOR_RESISTANCE,full_context,50,True,True,False,False,False,False,False,False,0.43,1966,False,False,False,False,False,False,False
sc_42_0016_distractor_resistance,DISTRACTOR_RESISTANCE,naive_retrieval,50,True,True,False,False,False,False,False,False,0.77,279,False,False,False,False,False,False,False
sc_42_0016_distractor_resistance,DISTRACTOR_RESISTANCE,raymember,50,True,True,False,False,False,False,False,False,1015.34,216,False,False,False,False,False,False,False
sc_42_0016_distractor_resistance,DISTRACTOR_RESISTANCE,raymember_grounded,50,True,True,False,False,False,False,False,True,1036.48,12,True,True,False,False,False,False,False
sc_42_0017_cross_session_persistence,CROSS_SESSION_PERSISTENCE,baseline,1,False,False,True,True,False,False,False,False,0.01,90,False,False,False,False,False,False,False
sc_42_0017_cross_session_persistence,CROSS_SESSION_PERSISTENCE,full_context,1,False,False,True,True,False,True,False,False,0.05,136,False,False,False,False,False,False,False
sc_42_0017_cross_session_persistence,CROSS_SESSION_PERSISTENCE,naive_retrieval,1,False,False,True,True,False,True,False,False,0.07,137,False,False,False,False,False,False,False
sc_42_0017_cross_session_persistence,CROSS_SESSION_PERSISTENCE,raymember,1,False,False,True,True,False,True,False,False,217.52,197,False,False,False,False,False,False,False
sc_42_0017_cross_session_persistence,CROSS_SESSION_PERSISTENCE,raymember_grounded,1,False,False,True,True,True,True,False,True,228.13,18,True,True,False,False,False,False,False
sc_42_0018_missing_info,MISSING_INFO,baseline,1,True,True,False,False,False,False,True,True,0.01,89,False,False,False,False,False,False,False
sc_42_0018_missing_info,MISSING_INFO,full_context,1,False,False,True,False,True,True,False,True,0.03,134,False,False,False,False,False,False,False
sc_42_0018_missing_info,MISSING_INFO,naive_retrieval,1,False,False,True,False,True,True,False,True,0.04,135,False,False,False,False,False,False,False
sc_42_0018_missing_info,MISSING_INFO,raymember,1,False,False,True,False,True,True,False,True,193.99,194,False,False,False,False,False,False,False
sc_42_0018_missing_info,MISSING_INFO,raymember_grounded,1,True,True,False,False,False,False,True,True,199.67,18,True,True,False,False,False,False,False
sc_42_0019_contradictory_evidence,CONTRADICTORY_EVIDENCE,baseline,2,False,False,True,True,False,False,False,False,0.01,94,False,False,False,False,False,False,False
sc_42_0019_contradictory_evidence,CONTRADICTORY_EVIDENCE,full_context,2,False,False,True,True,True,True,False,True,0.05,180,False,False,False,False,False,False,False
sc_42_0019_contradictory_evidence,CONTRADICTORY_EVIDENCE,naive_retrieval,2,False,False,True,True,True,True,False,True,0.07,181,False,False,False,False,False,False,False
sc_42_0019_contradictory_evidence,CONTRADICTORY_EVIDENCE,raymember,2,False,False,True,True,True,True,False,True,199.73,241,False,False,False,False,False,False,False
sc_42_0019_contradictory_evidence,CONTRADICTORY_EVIDENCE,raymember_grounded,2,False,False,True,True,True,True,False,False,206.96,22,True,True,False,False,False,False,False
sc_42_0020_uncertain_evidence,UNCERTAIN_EVIDENCE,baseline,2,True,True,False,False,False,False,True,True,0.01,83,False,False,False,False,False,False,False
sc_42_0020_uncertain_evidence,UNCERTAIN_EVIDENCE,full_context,2,False,False,True,False,True,True,False,True,0.05,165,False,False,False,False,False,False,False
sc_42_0020_uncertain_evidence,UNCERTAIN_EVIDENCE,naive_retrieval,2,False,False,True,False,True,True,False,True,0.08,166,False,False,False,False,False,False,False
sc_42_0020_uncertain_evidence,UNCERTAIN_EVIDENCE,raymember,2,True,True,False,False,False,False,True,True,207.31,211,False,False,False,False,False,False,False
sc_42_0020_uncertain_evidence,UNCERTAIN_EVIDENCE,raymember_grounded,2,False,False,True,False,True,False,False,True,214.08,11,True,True,False,False,False,False,False
sc_42_0021_distractor_hallucination,DISTRACTOR_HALLUCINATION,baseline,50,True,True,False,False,False,False,True,True,0.01,90,False,False,False,False,False,False,False
sc_42_0021_distractor_hallucination,DISTRACTOR_HALLUCINATION,full_context,50,False,False,True,False,True,True,False,True,0.53,2437,False,False,False,False,False,False,False
sc_42_0021_distractor_hallucination,DISTRACTOR_HALLUCINATION,naive_retrieval,50,False,False,True,False,True,True,False,True,0.82,323,False,False,False,False,False,False,False
sc_42_0021_distractor_hallucination,DISTRACTOR_HALLUCINATION,raymember,50,True,True,False,False,False,False,True,True,1121.02,193,False,False,False,False,False,False,False
sc_42_0021_distractor_hallucination,DISTRACTOR_HALLUCINATION,raymember_grounded,50,True,True,False,False,False,False,True,True,1008.60,18,True,True,False,False,False,False,False
sc_42_0022_temporal_hallucination,TEMPORAL_HALLUCINATION,baseline,1,True,True,False,False,False,False,True,True,0.03,92,False,False,False,False,False,False,False
sc_42_0022_temporal_hallucination,TEMPORAL_HALLUCINATION,full_context,1,False,False,True,False,True,True,False,True,0.03,138,False,False,False,False,False,False,False
sc_42_0022_temporal_hallucination,TEMPORAL_HALLUCINATION,naive_retrieval,1,False,False,True,False,True,True,False,True,0.05,139,False,False,False,False,False,False,False
sc_42_0022_temporal_hallucination,TEMPORAL_HALLUCINATION,raymember,1,False,False,True,False,True,True,False,True,217.42,202,False,False,False,False,False,False,False
sc_42_0022_temporal_hallucination,TEMPORAL_HALLUCINATION,raymember_grounded,1,True,True,False,False,False,False,True,True,213.85,21,True,True,False,False,False,False,True
sc_42_0023_entity_confusion,ENTITY_CONFUSION,baseline,2,False,False,True,True,False,False,False,False,0.01,83,False,False,False,False,False,False,False
sc_42_0023_entity_confusion,ENTITY_CONFUSION,full_context,2,True,True,False,False,False,False,False,False,0.05,166,False,False,False,False,False,True,False
sc_42_0023_entity_confusion,ENTITY_CONFUSION,naive_retrieval,2,True,True,False,False,False,False,False,False,0.08,167,False,False,False,False,False,True,False
sc_42_0023_entity_confusion,ENTITY_CONFUSION,raymember,2,True,True,False,False,False,False,False,False,219.16,182,False,False,False,False,False,True,False
sc_42_0023_entity_confusion,ENTITY_CONFUSION,raymember_grounded,2,True,True,False,False,False,False,False,True,220.81,11,True,True,False,False,False,True,False
sc_42_0024_false_premise,FALSE_PREMISE,baseline,2,False,False,True,False,True,False,False,True,0.01,87,False,False,False,False,False,False,False
sc_42_0024_false_premise,FALSE_PREMISE,full_context,2,False,False,True,False,True,True,False,True,0.03,171,False,False,False,False,False,False,False
sc_42_0024_false_premise,FALSE_PREMISE,naive_retrieval,2,False,False,True,False,True,True,False,True,0.06,172,False,False,False,False,False,False,False
sc_42_0024_false_premise,FALSE_PREMISE,raymember,2,False,False,True,False,True,True,False,True,223.64,222,False,False,False,False,False,False,False
sc_42_0024_false_premise,FALSE_PREMISE,raymember_grounded,2,True,True,False,False,False,False,False,True,221.93,16,True,True,False,False,True,False,False
sc_42_0025_current_state,CURRENT_STATE,baseline,2,False,False,True,True,False,False,False,False,0.01,85,False,False,False,False,False,False,False
sc_42_0025_current_state,CURRENT_STATE,full_context,2,False,False,True,True,True,True,False,False,0.03,168,False,False,False,False,False,False,False
sc_42_0025_current_state,CURRENT_STATE,naive_retrieval,2,False,False,True,True,True,True,False,False,0.06,169,False,False,False,False,False,False,False
sc_42_0025_current_state,CURRENT_STATE,raymember,2,False,False,True,True,True,True,False,False,214.57,216,False,False,False,False,False,False,False
sc_42_0025_current_state,CURRENT_STATE,raymember_grounded,2,False,False,True,True,True,True,False,True,217.38,13,True,True,False,False,False,False,False
sc_42_0026_conflict_resolution,CONFLICT_RESOLUTION,baseline,2,False,False,True,True,False,False,False,False,0.01,93,False,False,False,False,False,False,False
sc_42_0026_conflict_resolution,CONFLICT_RESOLUTION,full_context,2,True,True,False,False,False,False,False,True,0.05,182,False,False,False,False,False,False,False
sc_42_0026_conflict_resolution,CONFLICT_RESOLUTION,naive_retrieval,2,True,True,False,False,False,False,False,True,0.07,183,False,False,False,False,False,False,False
sc_42_0026_conflict_resolution,CONFLICT_RESOLUTION,raymember,2,True,True,False,False,False,False,False,True,233.06,275,False,False,False,False,False,False,False
sc_42_0026_conflict_resolution,CONFLICT_RESOLUTION,raymember_grounded,2,True,True,False,False,False,False,False,True,228.57,21,True,True,False,False,False,False,False
sc_42_0027_temporal_reasoning,TEMPORAL_REASONING,baseline,3,False,False,True,True,False,False,False,True,0.01,88,False,False,False,False,False,False,False
sc_42_0027_temporal_reasoning,TEMPORAL_REASONING,full_context,3,True,True,False,False,False,False,False,True,0.07,211,False,False,False,False,False,False,False
sc_42_0027_temporal_reasoning,TEMPORAL_REASONING,naive_retrieval,3,True,True,False,False,False,False,False,True,0.15,212,False,False,False,False,False,False,False
sc_42_0027_temporal_reasoning,TEMPORAL_REASONING,raymember,3,True,True,False,False,False,False,False,True,231.74,256,False,False,False,False,False,False,False
sc_42_0027_temporal_reasoning,TEMPORAL_REASONING,raymember_grounded,3,False,False,True,True,True,True,False,True,225.28,17,True,True,False,False,False,False,False
sc_42_0028_distractor_resistance,DISTRACTOR_RESISTANCE,baseline,250,False,False,True,True,False,False,False,False,0.01,83,False,False,False,False,False,False,False
sc_42_0028_distractor_resistance,DISTRACTOR_RESISTANCE,full_context,250,True,True,False,False,False,False,False,False,1.09,9262,False,False,False,False,False,False,False
sc_42_0028_distractor_resistance,DISTRACTOR_RESISTANCE,naive_retrieval,250,True,True,False,False,False,False,False,False,2.67,279,False,False,False,False,False,False,False
sc_42_0028_distractor_resistance,DISTRACTOR_RESISTANCE,raymember,250,True,True,False,False,False,False,False,False,4132.67,216,False,False,False,False,False,False,False
sc_42_0028_distractor_resistance,DISTRACTOR_RESISTANCE,raymember_grounded,250,True,True,False,False,False,False,False,True,4273.31,12,True,True,False,False,False,False,False
sc_42_0029_cross_session_persistence,CROSS_SESSION_PERSISTENCE,baseline,1,False,False,True,True,False,False,False,False,0.01,90,False,False,False,False,False,False,False
sc_42_0029_cross_session_persistence,CROSS_SESSION_PERSISTENCE,full_context,1,False,False,True,True,False,True,False,False,0.04,136,False,False,False,False,False,False,False
sc_42_0029_cross_session_persistence,CROSS_SESSION_PERSISTENCE,naive_retrieval,1,False,False,True,True,False,True,False,False,0.05,137,False,False,False,False,False,False,False
sc_42_0029_cross_session_persistence,CROSS_SESSION_PERSISTENCE,raymember,1,False,False,True,True,False,True,False,False,214.94,197,False,False,False,False,False,False,False
sc_42_0029_cross_session_persistence,CROSS_SESSION_PERSISTENCE,raymember_grounded,1,False,False,True,True,True,True,False,True,231.30,18,True,True,False,False,False,False,False
sc_42_0030_missing_info,MISSING_INFO,baseline,1,True,True,False,False,False,False,True,True,0.01,89,False,False,False,False,False,False,False
sc_42_0030_missing_info,MISSING_INFO,full_context,1,False,False,True,False,True,True,False,True,0.03,134,False,False,False,False,False,False,False
sc_42_0030_missing_info,MISSING_INFO,naive_retrieval,1,False,False,True,False,True,True,False,True,0.05,135,False,False,False,False,False,False,False
sc_42_0030_missing_info,MISSING_INFO,raymember,1,False,False,True,False,True,True,False,True,199.32,194,False,False,False,False,False,False,False
sc_42_0030_missing_info,MISSING_INFO,raymember_grounded,1,True,True,False,False,False,False,True,True,203.27,18,True,True,False,False,False,False,False
sc_42_0031_contradictory_evidence,CONTRADICTORY_EVIDENCE,baseline,2,False,False,True,True,False,False,False,False,0.01,94,False,False,False,False,False,False,False
sc_42_0031_contradictory_evidence,CONTRADICTORY_EVIDENCE,full_context,2,False,False,True,True,True,True,False,True,0.08,180,False,False,False,False,False,False,False
sc_42_0031_contradictory_evidence,CONTRADICTORY_EVIDENCE,naive_retrieval,2,False,False,True,True,True,True,False,True,0.13,181,False,False,False,False,False,False,False
sc_42_0031_contradictory_evidence,CONTRADICTORY_EVIDENCE,raymember,2,False,False,True,True,True,True,False,True,214.23,241,False,False,False,False,False,False,False
sc_42_0031_contradictory_evidence,CONTRADICTORY_EVIDENCE,raymember_grounded,2,False,False,True,True,True,True,False,False,212.28,22,True,True,False,False,False,False,False
sc_42_0032_uncertain_evidence,UNCERTAIN_EVIDENCE,baseline,2,True,True,False,False,False,False,True,True,0.01,83,False,False,False,False,False,False,False
sc_42_0032_uncertain_evidence,UNCERTAIN_EVIDENCE,full_context,2,False,False,True,False,True,True,False,True,0.06,165,False,False,False,False,False,False,False
sc_42_0032_uncertain_evidence,UNCERTAIN_EVIDENCE,naive_retrieval,2,False,False,True,False,True,True,False,True,0.11,166,False,False,False,False,False,False,False
sc_42_0032_uncertain_evidence,UNCERTAIN_EVIDENCE,raymember,2,True,True,False,False,False,False,True,True,211.54,211,False,False,False,False,False,False,False
sc_42_0032_uncertain_evidence,UNCERTAIN_EVIDENCE,raymember_grounded,2,False,False,True,False,True,False,False,True,212.72,11,True,True,False,False,False,False,False
sc_42_0033_distractor_hallucination,DISTRACTOR_HALLUCINATION,baseline,250,True,True,False,False,False,False,True,True,0.01,90,False,False,False,False,False,False,False
sc_42_0033_distractor_hallucination,DISTRACTOR_HALLUCINATION,full_context,250,False,False,True,False,True,True,False,True,0.99,11837,False,False,False,False,False,False,False
sc_42_0033_distractor_hallucination,DISTRACTOR_HALLUCINATION,naive_retrieval,250,False,False,True,False,True,True,False,True,2.81,323,False,False,False,False,False,False,False
sc_42_0033_distractor_hallucination,DISTRACTOR_HALLUCINATION,raymember,250,True,True,False,False,False,False,True,True,4186.54,193,False,False,False,False,False,False,False
sc_42_0033_distractor_hallucination,DISTRACTOR_HALLUCINATION,raymember_grounded,250,True,True,False,False,False,False,True,True,4269.34,18,True,True,False,False,False,False,False
sc_42_0034_temporal_hallucination,TEMPORAL_HALLUCINATION,baseline,1,True,True,False,False,False,False,True,True,0.04,92,False,False,False,False,False,False,False
sc_42_0034_temporal_hallucination,TEMPORAL_HALLUCINATION,full_context,1,False,False,True,False,True,True,False,True,0.03,138,False,False,False,False,False,False,False
sc_42_0034_temporal_hallucination,TEMPORAL_HALLUCINATION,naive_retrieval,1,False,False,True,False,True,True,False,True,0.06,139,False,False,False,False,False,False,False
sc_42_0034_temporal_hallucination,TEMPORAL_HALLUCINATION,raymember,1,False,False,True,False,True,True,False,True,191.81,202,False,False,False,False,False,False,False
sc_42_0034_temporal_hallucination,TEMPORAL_HALLUCINATION,raymember_grounded,1,True,True,False,False,False,False,True,True,201.89,21,True,True,False,False,False,False,True
sc_42_0035_entity_confusion,ENTITY_CONFUSION,baseline,2,False,False,True,True,False,False,False,False,0.01,83,False,False,False,False,False,False,False
sc_42_0035_entity_confusion,ENTITY_CONFUSION,full_context,2,True,True,False,False,False,False,False,False,0.03,166,False,False,False,False,False,True,False
sc_42_0035_entity_confusion,ENTITY_CONFUSION,naive_retrieval,2,True,True,False,False,False,False,False,False,0.06,167,False,False,False,False,False,True,False
sc_42_0035_entity_confusion,ENTITY_CONFUSION,raymember,2,True,True,False,False,False,False,False,False,217.10,182,False,False,False,False,False,True,False
sc_42_0035_entity_confusion,ENTITY_CONFUSION,raymember_grounded,2,True,True,False,False,False,False,False,True,219.75,11,True,True,False,False,False,True,False
sc_42_0036_false_premise,FALSE_PREMISE,baseline,2,False,False,True,False,True,False,False,True,0.01,87,False,False,False,False,False,False,False
sc_42_0036_false_premise,FALSE_PREMISE,full_context,2,False,False,True,False,True,True,False,True,0.06,171,False,False,False,False,False,False,False
sc_42_0036_false_premise,FALSE_PREMISE,naive_retrieval,2,False,False,True,False,True,True,False,True,0.11,172,False,False,False,False,False,False,False
sc_42_0036_false_premise,FALSE_PREMISE,raymember,2,False,False,True,False,True,True,False,True,216.19,222,False,False,False,False,False,False,False
sc_42_0036_false_premise,FALSE_PREMISE,raymember_grounded,2,True,True,False,False,False,False,False,True,218.93,16,True,True,False,False,True,False,False
sc_42_0037_current_state,CURRENT_STATE,baseline,2,False,False,True,True,False,False,False,False,0.01,85,False,False,False,False,False,False,False
sc_42_0037_current_state,CURRENT_STATE,full_context,2,False,False,True,True,True,True,False,False,0.08,171,False,False,False,False,False,False,False
sc_42_0037_current_state,CURRENT_STATE,naive_retrieval,2,False,False,True,True,True,True,False,False,0.13,172,False,False,False,False,False,False,False
sc_42_0037_current_state,CURRENT_STATE,raymember,2,False,False,True,True,False,True,False,False,224.37,221,False,False,False,False,False,False,False
sc_42_0037_current_state,CURRENT_STATE,raymember_grounded,2,False,False,True,True,True,True,False,True,262.24,13,True,True,False,False,False,False,False
sc_42_0038_conflict_resolution,CONFLICT_RESOLUTION,baseline,2,False,False,True,True,False,False,False,False,0.01,93,False,False,False,False,False,False,False
sc_42_0038_conflict_resolution,CONFLICT_RESOLUTION,full_context,2,True,True,False,False,False,False,False,True,0.08,182,False,False,False,False,False,False,False
sc_42_0038_conflict_resolution,CONFLICT_RESOLUTION,naive_retrieval,2,True,True,False,False,False,False,False,True,0.14,183,False,False,False,False,False,False,False
sc_42_0038_conflict_resolution,CONFLICT_RESOLUTION,raymember,2,True,True,False,False,False,False,False,True,244.60,275,False,False,False,False,False,False,False
sc_42_0038_conflict_resolution,CONFLICT_RESOLUTION,raymember_grounded,2,True,True,False,False,False,False,False,True,256.30,21,True,True,False,False,False,False,False
sc_42_0039_temporal_reasoning,TEMPORAL_REASONING,baseline,3,False,False,True,True,False,False,False,True,0.01,87,False,False,False,False,False,False,False
sc_42_0039_temporal_reasoning,TEMPORAL_REASONING,full_context,3,True,True,False,False,False,False,False,True,0.06,207,False,False,False,False,False,False,False
sc_42_0039_temporal_reasoning,TEMPORAL_REASONING,naive_retrieval,3,True,True,False,False,False,False,False,True,0.14,208,False,False,False,False,False,False,False
sc_42_0039_temporal_reasoning,TEMPORAL_REASONING,raymember,3,True,True,False,False,False,False,False,True,260.44,250,False,False,False,False,False,False,False
sc_42_0039_temporal_reasoning,TEMPORAL_REASONING,raymember_grounded,3,False,False,True,True,True,True,False,True,254.60,16,True,True,False,False,False,False,False
sc_42_0040_distractor_resistance,DISTRACTOR_RESISTANCE,baseline,1000,False,False,True,True,False,False,False,False,0.01,83,False,False,False,False,False,False,False
sc_42_0040_distractor_resistance,DISTRACTOR_RESISTANCE,full_context,1000,True,True,False,False,False,False,False,False,5.33,36733,False,False,False,False,False,False,False
sc_42_0040_distractor_resistance,DISTRACTOR_RESISTANCE,naive_retrieval,1000,True,True,False,False,False,False,False,False,17.86,279,False,False,False,False,False,False,False
sc_42_0040_distractor_resistance,DISTRACTOR_RESISTANCE,raymember,1000,True,True,False,False,False,False,False,False,18736.99,216,False,False,False,False,False,False,False
sc_42_0040_distractor_resistance,DISTRACTOR_RESISTANCE,raymember_grounded,1000,True,True,False,False,False,False,False,True,16605.08,12,True,True,False,False,False,False,False
sc_42_0041_cross_session_persistence,CROSS_SESSION_PERSISTENCE,baseline,1,False,False,True,True,False,False,False,False,0.01,90,False,False,False,False,False,False,False
sc_42_0041_cross_session_persistence,CROSS_SESSION_PERSISTENCE,full_context,1,False,False,True,True,False,True,False,False,0.05,136,False,False,False,False,False,False,False
sc_42_0041_cross_session_persistence,CROSS_SESSION_PERSISTENCE,naive_retrieval,1,False,False,True,True,False,True,False,False,0.05,137,False,False,False,False,False,False,False
sc_42_0041_cross_session_persistence,CROSS_SESSION_PERSISTENCE,raymember,1,False,False,True,True,False,True,False,False,214.80,197,False,False,False,False,False,False,False
sc_42_0041_cross_session_persistence,CROSS_SESSION_PERSISTENCE,raymember_grounded,1,False,False,True,True,True,True,False,True,227.44,18,True,True,False,False,False,False,False
sc_42_0042_missing_info,MISSING_INFO,baseline,1,True,True,False,False,False,False,True,True,0.01,89,False,False,False,False,False,False,False
sc_42_0042_missing_info,MISSING_INFO,full_context,1,False,False,True,False,True,True,False,True,0.03,134,False,False,False,False,False,False,False
sc_42_0042_missing_info,MISSING_INFO,naive_retrieval,1,False,False,True,False,True,True,False,True,0.04,135,False,False,False,False,False,False,False
sc_42_0042_missing_info,MISSING_INFO,raymember,1,False,False,True,False,True,True,False,True,195.73,194,False,False,False,False,False,False,False
sc_42_0042_missing_info,MISSING_INFO,raymember_grounded,1,True,True,False,False,False,False,True,True,209.53,18,True,True,False,False,False,False,False
sc_42_0043_contradictory_evidence,CONTRADICTORY_EVIDENCE,baseline,2,False,False,True,True,False,False,False,False,0.01,94,False,False,False,False,False,False,False
sc_42_0043_contradictory_evidence,CONTRADICTORY_EVIDENCE,full_context,2,False,False,True,True,True,True,False,True,0.07,180,False,False,False,False,False,False,False
sc_42_0043_contradictory_evidence,CONTRADICTORY_EVIDENCE,naive_retrieval,2,False,False,True,True,True,True,False,True,0.10,181,False,False,False,False,False,False,False
sc_42_0043_contradictory_evidence,CONTRADICTORY_EVIDENCE,raymember,2,False,False,True,True,True,True,False,True,207.22,241,False,False,False,False,False,False,False
sc_42_0043_contradictory_evidence,CONTRADICTORY_EVIDENCE,raymember_grounded,2,False,False,True,True,True,True,False,False,218.81,22,True,True,False,False,False,False,False
sc_42_0044_uncertain_evidence,UNCERTAIN_EVIDENCE,baseline,2,True,True,False,False,False,False,True,True,0.01,83,False,False,False,False,False,False,False
sc_42_0044_uncertain_evidence,UNCERTAIN_EVIDENCE,full_context,2,False,False,True,False,True,True,False,True,0.04,165,False,False,False,False,False,False,False
sc_42_0044_uncertain_evidence,UNCERTAIN_EVIDENCE,naive_retrieval,2,False,False,True,False,True,True,False,True,0.06,166,False,False,False,False,False,False,False
sc_42_0044_uncertain_evidence,UNCERTAIN_EVIDENCE,raymember,2,True,True,False,False,False,False,True,True,224.04,211,False,False,False,False,False,False,False
sc_42_0044_uncertain_evidence,UNCERTAIN_EVIDENCE,raymember_grounded,2,False,False,True,False,True,False,False,True,226.56,11,True,True,False,False,False,False,False
sc_42_0045_distractor_hallucination,DISTRACTOR_HALLUCINATION,baseline,1000,True,True,False,False,False,False,True,True,0.01,90,False,False,False,False,False,False,False
sc_42_0045_distractor_hallucination,DISTRACTOR_HALLUCINATION,full_context,1000,False,False,True,False,True,True,False,True,4.58,47087,False,False,False,False,False,False,False
sc_42_0045_distractor_hallucination,DISTRACTOR_HALLUCINATION,naive_retrieval,1000,False,False,True,False,True,True,False,True,20.78,323,False,False,False,False,False,False,False
sc_42_0045_distractor_hallucination,DISTRACTOR_HALLUCINATION,raymember,1000,True,True,False,False,False,False,True,True,17643.69,193,False,False,False,False,False,False,False
sc_42_0045_distractor_hallucination,DISTRACTOR_HALLUCINATION,raymember_grounded,1000,True,True,False,False,False,False,True,True,18462.89,18,True,True,False,False,False,False,False
sc_42_0046_temporal_hallucination,TEMPORAL_HALLUCINATION,baseline,1,True,True,False,False,False,False,True,True,0.03,92,False,False,False,False,False,False,False
sc_42_0046_temporal_hallucination,TEMPORAL_HALLUCINATION,full_context,1,False,False,True,False,True,True,False,True,0.02,138,False,False,False,False,False,False,False
sc_42_0046_temporal_hallucination,TEMPORAL_HALLUCINATION,naive_retrieval,1,False,False,True,False,True,True,False,True,0.05,139,False,False,False,False,False,False,False
sc_42_0046_temporal_hallucination,TEMPORAL_HALLUCINATION,raymember,1,False,False,True,False,True,True,False,True,194.54,202,False,False,False,False,False,False,False
sc_42_0046_temporal_hallucination,TEMPORAL_HALLUCINATION,raymember_grounded,1,True,True,False,False,False,False,True,True,199.15,21,True,True,False,False,False,False,True
sc_42_0047_entity_confusion,ENTITY_CONFUSION,baseline,2,False,False,True,True,False,False,False,False,0.01,83,False,False,False,False,False,False,False
sc_42_0047_entity_confusion,ENTITY_CONFUSION,full_context,2,True,True,False,False,False,False,False,False,0.03,166,False,False,False,False,False,True,False
sc_42_0047_entity_confusion,ENTITY_CONFUSION,naive_retrieval,2,True,True,False,False,False,False,False,False,0.06,167,False,False,False,False,False,True,False
sc_42_0047_entity_confusion,ENTITY_CONFUSION,raymember,2,True,True,False,False,False,False,False,False,207.76,182,False,False,False,False,False,True,False
sc_42_0047_entity_confusion,ENTITY_CONFUSION,raymember_grounded,2,True,True,False,False,False,False,False,True,287.73,11,True,True,False,False,False,True,False
sc_42_0048_false_premise,FALSE_PREMISE,baseline,2,False,False,True,False,True,False,False,True,0.01,87,False,False,False,False,False,False,False
sc_42_0048_false_premise,FALSE_PREMISE,full_context,2,False,False,True,False,True,True,False,True,0.12,171,False,False,False,False,False,False,False
sc_42_0048_false_premise,FALSE_PREMISE,naive_retrieval,2,False,False,True,False,True,True,False,True,0.18,172,False,False,False,False,False,False,False
sc_42_0048_false_premise,FALSE_PREMISE,raymember,2,False,False,True,False,True,True,False,True,285.46,222,False,False,False,False,False,False,False
sc_42_0048_false_premise,FALSE_PREMISE,raymember_grounded,2,True,True,False,False,False,False,False,True,306.61,16,True,True,False,False,True,False,False
sc_42_0049_current_state,CURRENT_STATE,baseline,2,False,False,True,True,False,False,False,False,0.02,85,False,False,False,False,False,False,False
sc_42_0049_current_state,CURRENT_STATE,full_context,2,False,False,True,True,True,True,False,False,0.09,168,False,False,False,False,False,False,False
sc_42_0049_current_state,CURRENT_STATE,naive_retrieval,2,False,False,True,True,True,True,False,False,0.21,169,False,False,False,False,False,False,False
sc_42_0049_current_state,CURRENT_STATE,raymember,2,False,False,True,True,True,True,False,False,261.56,216,False,False,False,False,False,False,False
sc_42_0049_current_state,CURRENT_STATE,raymember_grounded,2,False,False,True,True,True,True,False,True,244.74,13,True,True,False,False,False,False,False
sc_42_0050_conflict_resolution,CONFLICT_RESOLUTION,baseline,2,False,False,True,True,False,False,False,False,0.01,93,False,False,False,False,False,False,False
sc_42_0050_conflict_resolution,CONFLICT_RESOLUTION,full_context,2,True,True,False,False,False,False,False,True,0.06,182,False,False,False,False,False,False,False
sc_42_0050_conflict_resolution,CONFLICT_RESOLUTION,naive_retrieval,2,True,True,False,False,False,False,False,True,0.08,183,False,False,False,False,False,False,False
sc_42_0050_conflict_resolution,CONFLICT_RESOLUTION,raymember,2,True,True,False,False,False,False,False,True,220.40,275,False,False,False,False,False,False,False
sc_42_0050_conflict_resolution,CONFLICT_RESOLUTION,raymember_grounded,2,True,True,False,False,False,False,False,True,218.07,21,True,True,False,False,False,False,False
sc_42_0051_temporal_reasoning,TEMPORAL_REASONING,baseline,3,False,False,True,True,False,False,False,True,0.01,88,False,False,False,False,False,False,False
sc_42_0051_temporal_reasoning,TEMPORAL_REASONING,full_context,3,True,True,False,False,False,False,False,True,0.04,211,False,False,False,False,False,False,False
sc_42_0051_temporal_reasoning,TEMPORAL_REASONING,naive_retrieval,3,True,True,False,False,False,False,False,True,0.08,212,False,False,False,False,False,False,False
sc_42_0051_temporal_reasoning,TEMPORAL_REASONING,raymember,3,True,True,False,False,False,False,False,True,218.06,256,False,False,False,False,False,False,False
sc_42_0051_temporal_reasoning,TEMPORAL_REASONING,raymember_grounded,3,False,False,True,True,True,True,False,True,253.88,17,True,True,False,False,False,False,False
sc_42_0052_distractor_resistance,DISTRACTOR_RESISTANCE,baseline,100,False,False,True,True,False,False,False,False,0.01,83,False,False,False,False,False,False,False
sc_42_0052_distractor_resistance,DISTRACTOR_RESISTANCE,full_context,100,True,True,False,False,False,False,False,False,0.53,3839,False,False,False,False,False,False,False
sc_42_0052_distractor_resistance,DISTRACTOR_RESISTANCE,naive_retrieval,100,True,True,False,False,False,False,False,False,1.52,279,False,False,False,False,False,False,False
sc_42_0052_distractor_resistance,DISTRACTOR_RESISTANCE,raymember,100,True,True,False,False,False,False,False,False,1887.03,216,False,False,False,False,False,False,False
sc_42_0052_distractor_resistance,DISTRACTOR_RESISTANCE,raymember_grounded,100,True,True,False,False,False,False,False,True,2192.86,12,True,True,False,False,False,False,False
sc_42_0053_cross_session_persistence,CROSS_SESSION_PERSISTENCE,baseline,1,False,False,True,True,False,False,False,False,0.01,90,False,False,False,False,False,False,False
sc_42_0053_cross_session_persistence,CROSS_SESSION_PERSISTENCE,full_context,1,False,False,True,True,False,True,False,False,0.06,136,False,False,False,False,False,False,False
sc_42_0053_cross_session_persistence,CROSS_SESSION_PERSISTENCE,naive_retrieval,1,False,False,True,True,False,True,False,False,0.10,137,False,False,False,False,False,False,False
sc_42_0053_cross_session_persistence,CROSS_SESSION_PERSISTENCE,raymember,1,False,False,True,True,False,True,False,False,214.35,197,False,False,False,False,False,False,False
sc_42_0053_cross_session_persistence,CROSS_SESSION_PERSISTENCE,raymember_grounded,1,False,False,True,True,True,True,False,True,228.74,18,True,True,False,False,False,False,False
sc_42_0054_missing_info,MISSING_INFO,baseline,1,True,True,False,False,False,False,True,True,0.01,89,False,False,False,False,False,False,False
sc_42_0054_missing_info,MISSING_INFO,full_context,1,False,False,True,False,True,True,False,True,0.04,134,False,False,False,False,False,False,False
sc_42_0054_missing_info,MISSING_INFO,naive_retrieval,1,False,False,True,False,True,True,False,True,0.07,135,False,False,False,False,False,False,False
sc_42_0054_missing_info,MISSING_INFO,raymember,1,False,False,True,False,True,True,False,True,199.70,194,False,False,False,False,False,False,False
sc_42_0054_missing_info,MISSING_INFO,raymember_grounded,1,True,True,False,False,False,False,True,True,209.73,18,True,True,False,False,False,False,False
sc_42_0055_contradictory_evidence,CONTRADICTORY_EVIDENCE,baseline,2,False,False,True,True,False,False,False,False,0.01,94,False,False,False,False,False,False,False
sc_42_0055_contradictory_evidence,CONTRADICTORY_EVIDENCE,full_context,2,False,False,True,True,True,True,False,True,0.08,180,False,False,False,False,False,False,False
sc_42_0055_contradictory_evidence,CONTRADICTORY_EVIDENCE,naive_retrieval,2,False,False,True,True,True,True,False,True,0.12,181,False,False,False,False,False,False,False
sc_42_0055_contradictory_evidence,CONTRADICTORY_EVIDENCE,raymember,2,False,False,True,True,True,True,False,True,220.50,242,False,False,False,False,False,False,False
sc_42_0055_contradictory_evidence,CONTRADICTORY_EVIDENCE,raymember_grounded,2,False,False,True,True,True,True,False,False,277.78,23,True,True,False,False,False,False,False
sc_42_0056_uncertain_evidence,UNCERTAIN_EVIDENCE,baseline,2,True,True,False,False,False,False,True,True,0.01,83,False,False,False,False,False,False,False
sc_42_0056_uncertain_evidence,UNCERTAIN_EVIDENCE,full_context,2,False,False,True,False,True,True,False,True,0.09,165,False,False,False,False,False,False,False
sc_42_0056_uncertain_evidence,UNCERTAIN_EVIDENCE,naive_retrieval,2,False,False,True,False,True,True,False,True,0.16,166,False,False,False,False,False,False,False
sc_42_0056_uncertain_evidence,UNCERTAIN_EVIDENCE,raymember,2,True,True,False,False,False,False,True,True,274.42,211,False,False,False,False,False,False,False
sc_42_0056_uncertain_evidence,UNCERTAIN_EVIDENCE,raymember_grounded,2,False,False,True,False,True,False,False,True,306.38,11,True,True,False,False,False,False,False
sc_42_0057_distractor_hallucination,DISTRACTOR_HALLUCINATION,baseline,100,True,True,False,False,False,False,True,True,0.01,90,False,False,False,False,False,False,False
sc_42_0057_distractor_hallucination,DISTRACTOR_HALLUCINATION,full_context,100,False,False,True,False,True,True,False,True,0.72,4787,False,False,False,False,False,False,False
sc_42_0057_distractor_hallucination,DISTRACTOR_HALLUCINATION,naive_retrieval,100,False,False,True,False,True,True,False,True,3.08,323,False,False,False,False,False,False,False
sc_42_0057_distractor_hallucination,DISTRACTOR_HALLUCINATION,raymember,100,True,True,False,False,False,False,True,True,1913.81,193,False,False,False,False,False,False,False
sc_42_0057_distractor_hallucination,DISTRACTOR_HALLUCINATION,raymember_grounded,100,True,True,False,False,False,False,True,True,2331.13,18,True,True,False,False,False,False,False
sc_42_0058_temporal_hallucination,TEMPORAL_HALLUCINATION,baseline,1,True,True,False,False,False,False,True,True,0.04,92,False,False,False,False,False,False,False
sc_42_0058_temporal_hallucination,TEMPORAL_HALLUCINATION,full_context,1,False,False,True,False,True,True,False,True,0.03,138,False,False,False,False,False,False,False
sc_42_0058_temporal_hallucination,TEMPORAL_HALLUCINATION,naive_retrieval,1,False,False,True,False,True,True,False,True,0.07,139,False,False,False,False,False,False,False
sc_42_0058_temporal_hallucination,TEMPORAL_HALLUCINATION,raymember,1,False,False,True,False,True,True,False,True,191.59,202,False,False,False,False,False,False,False
sc_42_0058_temporal_hallucination,TEMPORAL_HALLUCINATION,raymember_grounded,1,True,True,False,False,False,False,True,True,197.66,21,True,True,False,False,False,False,True
sc_42_0059_entity_confusion,ENTITY_CONFUSION,baseline,2,False,False,True,True,False,False,False,False,0.01,83,False,False,False,False,False,False,False
sc_42_0059_entity_confusion,ENTITY_CONFUSION,full_context,2,True,True,False,False,False,False,False,False,0.03,166,False,False,False,False,False,True,False
sc_42_0059_entity_confusion,ENTITY_CONFUSION,naive_retrieval,2,True,True,False,False,False,False,False,False,0.06,167,False,False,False,False,False,True,False
sc_42_0059_entity_confusion,ENTITY_CONFUSION,raymember,2,True,True,False,False,False,False,False,False,208.46,182,False,False,False,False,False,True,False
sc_42_0059_entity_confusion,ENTITY_CONFUSION,raymember_grounded,2,True,True,False,False,False,False,False,True,209.76,11,True,True,False,False,False,True,False
sc_42_0060_false_premise,FALSE_PREMISE,baseline,2,False,False,True,False,True,False,False,True,0.01,87,False,False,False,False,False,False,False
sc_42_0060_false_premise,FALSE_PREMISE,full_context,2,False,False,True,False,True,True,False,True,0.07,171,False,False,False,False,False,False,False
sc_42_0060_false_premise,FALSE_PREMISE,naive_retrieval,2,False,False,True,False,True,True,False,True,0.11,172,False,False,False,False,False,False,False
sc_42_0060_false_premise,FALSE_PREMISE,raymember,2,False,False,True,False,True,True,False,True,210.52,222,False,False,False,False,False,False,False
sc_42_0060_false_premise,FALSE_PREMISE,raymember_grounded,2,True,True,False,False,False,False,False,True,214.52,16,True,True,False,False,True,False,False
sc_42_0061_current_state,CURRENT_STATE,baseline,2,False,False,True,True,False,False,False,False,0.01,85,False,False,False,False,False,False,False
sc_42_0061_current_state,CURRENT_STATE,full_context,2,False,False,True,True,True,True,False,False,0.03,171,False,False,False,False,False,False,False
sc_42_0061_current_state,CURRENT_STATE,naive_retrieval,2,False,False,True,True,True,True,False,False,0.06,172,False,False,False,False,False,False,False
sc_42_0061_current_state,CURRENT_STATE,raymember,2,False,False,True,True,False,True,False,False,209.41,221,False,False,False,False,False,False,False
sc_42_0061_current_state,CURRENT_STATE,raymember_grounded,2,False,False,True,True,True,True,False,True,215.07,13,True,True,False,False,False,False,False
sc_42_0062_conflict_resolution,CONFLICT_RESOLUTION,baseline,2,False,False,True,True,False,False,False,False,0.01,93,False,False,False,False,False,False,False
sc_42_0062_conflict_resolution,CONFLICT_RESOLUTION,full_context,2,True,True,False,False,False,False,False,True,0.10,182,False,False,False,False,False,False,False
sc_42_0062_conflict_resolution,CONFLICT_RESOLUTION,naive_retrieval,2,True,True,False,False,False,False,False,True,0.17,183,False,False,False,False,False,False,False
sc_42_0062_conflict_resolution,CONFLICT_RESOLUTION,raymember,2,True,True,False,False,False,False,False,True,231.32,275,False,False,False,False,False,False,False
sc_42_0062_conflict_resolution,CONFLICT_RESOLUTION,raymember_grounded,2,True,True,False,False,False,False,False,True,217.03,21,True,True,False,False,False,False,False
sc_42_0063_temporal_reasoning,TEMPORAL_REASONING,baseline,3,False,False,True,True,False,False,False,True,0.01,87,False,False,False,False,False,False,False
sc_42_0063_temporal_reasoning,TEMPORAL_REASONING,full_context,3,True,True,False,False,False,False,False,True,0.06,207,False,False,False,False,False,False,False
sc_42_0063_temporal_reasoning,TEMPORAL_REASONING,naive_retrieval,3,True,True,False,False,False,False,False,True,0.12,208,False,False,False,False,False,False,False
sc_42_0063_temporal_reasoning,TEMPORAL_REASONING,raymember,3,True,True,False,False,False,False,False,True,232.39,250,False,False,False,False,False,False,False
sc_42_0063_temporal_reasoning,TEMPORAL_REASONING,raymember_grounded,3,False,False,True,True,True,True,False,True,237.01,16,True,True,False,False,False,False,False
sc_42_0064_distractor_resistance,DISTRACTOR_RESISTANCE,baseline,500,False,False,True,True,False,False,False,False,0.01,83,False,False,False,False,False,False,False
sc_42_0064_distractor_resistance,DISTRACTOR_RESISTANCE,full_context,500,True,True,False,False,False,False,False,False,1.52,18426,False,False,False,False,False,False,False
sc_42_0064_distractor_resistance,DISTRACTOR_RESISTANCE,naive_retrieval,500,True,True,False,False,False,False,False,False,4.44,279,False,False,False,False,False,False,False
sc_42_0064_distractor_resistance,DISTRACTOR_RESISTANCE,raymember,500,True,True,False,False,False,False,False,False,8305.62,216,False,False,False,False,False,False,False
sc_42_0064_distractor_resistance,DISTRACTOR_RESISTANCE,raymember_grounded,500,True,True,False,False,False,False,False,True,8377.62,12,True,True,False,False,False,False,False
sc_42_0065_cross_session_persistence,CROSS_SESSION_PERSISTENCE,baseline,1,False,False,True,True,False,False,False,False,0.01,90,False,False,False,False,False,False,False
sc_42_0065_cross_session_persistence,CROSS_SESSION_PERSISTENCE,full_context,1,False,False,True,True,False,True,False,False,0.05,136,False,False,False,False,False,False,False
sc_42_0065_cross_session_persistence,CROSS_SESSION_PERSISTENCE,naive_retrieval,1,False,False,True,True,False,True,False,False,0.07,137,False,False,False,False,False,False,False
sc_42_0065_cross_session_persistence,CROSS_SESSION_PERSISTENCE,raymember,1,False,False,True,True,False,True,False,False,210.51,197,False,False,False,False,False,False,False
sc_42_0065_cross_session_persistence,CROSS_SESSION_PERSISTENCE,raymember_grounded,1,False,False,True,True,True,True,False,True,237.91,18,True,True,False,False,False,False,False
sc_42_0066_missing_info,MISSING_INFO,baseline,1,True,True,False,False,False,False,True,True,0.01,89,False,False,False,False,False,False,False
sc_42_0066_missing_info,MISSING_INFO,full_context,1,False,False,True,False,True,True,False,True,0.07,134,False,False,False,False,False,False,False
sc_42_0066_missing_info,MISSING_INFO,naive_retrieval,1,False,False,True,False,True,True,False,True,0.29,135,False,False,False,False,False,False,False
sc_42_0066_missing_info,MISSING_INFO,raymember,1,False,False,True,False,True,True,False,True,207.78,194,False,False,False,False,False,False,False
sc_42_0066_missing_info,MISSING_INFO,raymember_grounded,1,True,True,False,False,False,False,True,True,201.63,18,True,True,False,False,False,False,False
sc_42_0067_contradictory_evidence,CONTRADICTORY_EVIDENCE,baseline,2,False,False,True,True,False,False,False,False,0.01,94,False,False,False,False,False,False,False
sc_42_0067_contradictory_evidence,CONTRADICTORY_EVIDENCE,full_context,2,False,False,True,True,True,True,False,True,0.07,180,False,False,False,False,False,False,False
sc_42_0067_contradictory_evidence,CONTRADICTORY_EVIDENCE,naive_retrieval,2,False,False,True,True,True,True,False,True,0.10,181,False,False,False,False,False,False,False
sc_42_0067_contradictory_evidence,CONTRADICTORY_EVIDENCE,raymember,2,False,False,True,True,True,True,False,True,208.69,242,False,False,False,False,False,False,False
sc_42_0067_contradictory_evidence,CONTRADICTORY_EVIDENCE,raymember_grounded,2,False,False,True,True,True,True,False,False,207.46,23,True,True,False,False,False,False,False
sc_42_0068_uncertain_evidence,UNCERTAIN_EVIDENCE,baseline,2,True,True,False,False,False,False,True,True,0.01,83,False,False,False,False,False,False,False
sc_42_0068_uncertain_evidence,UNCERTAIN_EVIDENCE,full_context,2,False,False,True,False,True,True,False,True,0.04,165,False,False,False,False,False,False,False
sc_42_0068_uncertain_evidence,UNCERTAIN_EVIDENCE,naive_retrieval,2,False,False,True,False,True,True,False,True,0.06,166,False,False,False,False,False,False,False
sc_42_0068_uncertain_evidence,UNCERTAIN_EVIDENCE,raymember,2,True,True,False,False,False,False,True,True,208.79,211,False,False,False,False,False,False,False
sc_42_0068_uncertain_evidence,UNCERTAIN_EVIDENCE,raymember_grounded,2,False,False,True,False,True,False,False,True,210.27,11,True,True,False,False,False,False,False
sc_42_0069_distractor_hallucination,DISTRACTOR_HALLUCINATION,baseline,500,True,True,False,False,False,False,True,True,0.01,90,False,False,False,False,False,False,False
sc_42_0069_distractor_hallucination,DISTRACTOR_HALLUCINATION,full_context,500,False,False,True,False,True,True,False,True,2.15,23587,False,False,False,False,False,False,False
sc_42_0069_distractor_hallucination,DISTRACTOR_HALLUCINATION,naive_retrieval,500,False,False,True,False,True,True,False,True,5.26,323,False,False,False,False,False,False,False
sc_42_0069_distractor_hallucination,DISTRACTOR_HALLUCINATION,raymember,500,True,True,False,False,False,False,True,True,8658.51,193,False,False,False,False,False,False,False
sc_42_0069_distractor_hallucination,DISTRACTOR_HALLUCINATION,raymember_grounded,500,True,True,False,False,False,False,True,True,8635.86,18,True,True,False,False,False,False,False
sc_42_0070_temporal_hallucination,TEMPORAL_HALLUCINATION,baseline,1,True,True,False,False,False,False,True,True,0.04,92,False,False,False,False,False,False,False
sc_42_0070_temporal_hallucination,TEMPORAL_HALLUCINATION,full_context,1,False,False,True,False,True,True,False,True,0.03,138,False,False,False,False,False,False,False
sc_42_0070_temporal_hallucination,TEMPORAL_HALLUCINATION,naive_retrieval,1,False,False,True,False,True,True,False,True,0.05,139,False,False,False,False,False,False,False
sc_42_0070_temporal_hallucination,TEMPORAL_HALLUCINATION,raymember,1,False,False,True,False,True,True,False,True,196.49,202,False,False,False,False,False,False,False
sc_42_0070_temporal_hallucination,TEMPORAL_HALLUCINATION,raymember_grounded,1,True,True,False,False,False,False,True,True,200.40,21,True,True,False,False,False,False,True
sc_42_0071_entity_confusion,ENTITY_CONFUSION,baseline,2,False,False,True,True,False,False,False,False,0.01,83,False,False,False,False,False,False,False
sc_42_0071_entity_confusion,ENTITY_CONFUSION,full_context,2,True,True,False,False,False,False,False,False,0.04,166,False,False,False,False,False,True,False
sc_42_0071_entity_confusion,ENTITY_CONFUSION,naive_retrieval,2,True,True,False,False,False,False,False,False,0.08,167,False,False,False,False,False,True,False
sc_42_0071_entity_confusion,ENTITY_CONFUSION,raymember,2,True,True,False,False,False,False,False,False,218.55,182,False,False,False,False,False,True,False
sc_42_0071_entity_confusion,ENTITY_CONFUSION,raymember_grounded,2,True,True,False,False,False,False,False,True,211.37,11,True,True,False,False,False,True,False
sc_42_0072_false_premise,FALSE_PREMISE,baseline,2,False,False,True,False,True,False,False,True,0.01,87,False,False,False,False,False,False,False
sc_42_0072_false_premise,FALSE_PREMISE,full_context,2,False,False,True,False,True,True,False,True,0.06,171,False,False,False,False,False,False,False
sc_42_0072_false_premise,FALSE_PREMISE,naive_retrieval,2,False,False,True,False,True,True,False,True,0.07,172,False,False,False,False,False,False,False
sc_42_0072_false_premise,FALSE_PREMISE,raymember,2,False,False,True,False,True,True,False,True,205.73,222,False,False,False,False,False,False,False
sc_42_0072_false_premise,FALSE_PREMISE,raymember_grounded,2,True,True,False,False,False,False,False,True,225.04,16,True,True,False,False,True,False,False
sc_42_0073_current_state,CURRENT_STATE,baseline,2,False,False,True,True,False,False,False,False,0.01,85,False,False,False,False,False,False,False
sc_42_0073_current_state,CURRENT_STATE,full_context,2,False,False,True,True,True,True,False,False,0.05,168,False,False,False,False,False,False,False
sc_42_0073_current_state,CURRENT_STATE,naive_retrieval,2,False,False,True,True,True,True,False,False,0.08,169,False,False,False,False,False,False,False
sc_42_0073_current_state,CURRENT_STATE,raymember,2,False,False,True,True,True,True,False,False,214.88,216,False,False,False,False,False,False,False
sc_42_0073_current_state,CURRENT_STATE,raymember_grounded,2,False,False,True,True,True,True,False,True,215.15,13,True,True,False,False,False,False,False
sc_42_0074_conflict_resolution,CONFLICT_RESOLUTION,baseline,2,False,False,True,True,False,False,False,False,0.01,93,False,False,False,False,False,False,False
sc_42_0074_conflict_resolution,CONFLICT_RESOLUTION,full_context,2,True,True,False,False,False,False,False,True,0.06,182,False,False,False,False,False,False,False
sc_42_0074_conflict_resolution,CONFLICT_RESOLUTION,naive_retrieval,2,True,True,False,False,False,False,False,True,0.14,183,False,False,False,False,False,False,False
sc_42_0074_conflict_resolution,CONFLICT_RESOLUTION,raymember,2,True,True,False,False,False,False,False,True,220.07,275,False,False,False,False,False,False,False
sc_42_0074_conflict_resolution,CONFLICT_RESOLUTION,raymember_grounded,2,True,True,False,False,False,False,False,True,216.95,21,True,True,False,False,False,False,False
sc_42_0075_temporal_reasoning,TEMPORAL_REASONING,baseline,3,False,False,True,True,False,False,False,True,0.01,88,False,False,False,False,False,False,False
sc_42_0075_temporal_reasoning,TEMPORAL_REASONING,full_context,3,True,True,False,False,False,False,False,True,0.04,211,False,False,False,False,False,False,False
sc_42_0075_temporal_reasoning,TEMPORAL_REASONING,naive_retrieval,3,True,True,False,False,False,False,False,True,0.09,212,False,False,False,False,False,False,False
sc_42_0075_temporal_reasoning,TEMPORAL_REASONING,raymember,3,True,True,False,False,False,False,False,True,218.50,256,False,False,False,False,False,False,False
sc_42_0075_temporal_reasoning,TEMPORAL_REASONING,raymember_grounded,3,False,False,True,True,True,True,False,True,223.02,17,True,True,False,False,False,False,False
sc_42_0076_distractor_resistance,DISTRACTOR_RESISTANCE,baseline,50,False,False,True,True,False,False,False,False,0.01,83,False,False,False,False,False,False,False
sc_42_0076_distractor_resistance,DISTRACTOR_RESISTANCE,full_context,50,True,True,False,False,False,False,False,False,0.30,1966,False,False,False,False,False,False,False
sc_42_0076_distractor_resistance,DISTRACTOR_RESISTANCE,naive_retrieval,50,True,True,False,False,False,False,False,False,0.52,279,False,False,False,False,False,False,False
sc_42_0076_distractor_resistance,DISTRACTOR_RESISTANCE,raymember,50,True,True,False,False,False,False,False,False,970.29,216,False,False,False,False,False,False,False
sc_42_0076_distractor_resistance,DISTRACTOR_RESISTANCE,raymember_grounded,50,True,True,False,False,False,False,False,True,941.73,12,True,True,False,False,False,False,False
sc_42_0077_cross_session_persistence,CROSS_SESSION_PERSISTENCE,baseline,1,False,False,True,True,False,False,False,False,0.01,90,False,False,False,False,False,False,False
sc_42_0077_cross_session_persistence,CROSS_SESSION_PERSISTENCE,full_context,1,False,False,True,True,False,True,False,False,0.04,136,False,False,False,False,False,False,False
sc_42_0077_cross_session_persistence,CROSS_SESSION_PERSISTENCE,naive_retrieval,1,False,False,True,True,False,True,False,False,0.06,137,False,False,False,False,False,False,False
sc_42_0077_cross_session_persistence,CROSS_SESSION_PERSISTENCE,raymember,1,False,False,True,True,False,True,False,False,224.13,197,False,False,False,False,False,False,False
sc_42_0077_cross_session_persistence,CROSS_SESSION_PERSISTENCE,raymember_grounded,1,False,False,True,True,True,True,False,True,240.44,18,True,True,False,False,False,False,False
sc_42_0078_missing_info,MISSING_INFO,baseline,1,True,True,False,False,False,False,True,True,0.01,89,False,False,False,False,False,False,False
sc_42_0078_missing_info,MISSING_INFO,full_context,1,False,False,True,False,True,True,False,True,0.04,134,False,False,False,False,False,False,False
sc_42_0078_missing_info,MISSING_INFO,naive_retrieval,1,False,False,True,False,True,True,False,True,0.04,135,False,False,False,False,False,False,False
sc_42_0078_missing_info,MISSING_INFO,raymember,1,False,False,True,False,True,True,False,True,207.59,194,False,False,False,False,False,False,False
sc_42_0078_missing_info,MISSING_INFO,raymember_grounded,1,True,True,False,False,False,False,True,True,219.01,18,True,True,False,False,False,False,False
sc_42_0079_contradictory_evidence,CONTRADICTORY_EVIDENCE,baseline,2,False,False,True,True,False,False,False,False,0.01,94,False,False,False,False,False,False,False
sc_42_0079_contradictory_evidence,CONTRADICTORY_EVIDENCE,full_context,2,False,False,True,True,True,True,False,True,0.06,180,False,False,False,False,False,False,False
sc_42_0079_contradictory_evidence,CONTRADICTORY_EVIDENCE,naive_retrieval,2,False,False,True,True,True,True,False,True,0.10,181,False,False,False,False,False,False,False
sc_42_0079_contradictory_evidence,CONTRADICTORY_EVIDENCE,raymember,2,False,False,True,True,True,True,False,True,212.50,242,False,False,False,False,False,False,False
sc_42_0079_contradictory_evidence,CONTRADICTORY_EVIDENCE,raymember_grounded,2,False,False,True,True,True,True,False,False,226.73,23,True,True,False,False,False,False,False
sc_42_0080_uncertain_evidence,UNCERTAIN_EVIDENCE,baseline,2,True,True,False,False,False,False,True,True,0.01,83,False,False,False,False,False,False,False
sc_42_0080_uncertain_evidence,UNCERTAIN_EVIDENCE,full_context,2,False,False,True,False,True,True,False,True,0.04,165,False,False,False,False,False,False,False
sc_42_0080_uncertain_evidence,UNCERTAIN_EVIDENCE,naive_retrieval,2,False,False,True,False,True,True,False,True,0.08,166,False,False,False,False,False,False,False
sc_42_0080_uncertain_evidence,UNCERTAIN_EVIDENCE,raymember,2,True,True,False,False,False,False,True,True,216.32,211,False,False,False,False,False,False,False
sc_42_0080_uncertain_evidence,UNCERTAIN_EVIDENCE,raymember_grounded,2,False,False,True,False,True,False,False,True,212.44,11,True,True,False,False,False,False,False
sc_42_0081_distractor_hallucination,DISTRACTOR_HALLUCINATION,baseline,50,True,True,False,False,False,False,True,True,0.01,90,False,False,False,False,False,False,False
sc_42_0081_distractor_hallucination,DISTRACTOR_HALLUCINATION,full_context,50,False,False,True,False,True,True,False,True,0.21,2437,False,False,False,False,False,False,False
sc_42_0081_distractor_hallucination,DISTRACTOR_HALLUCINATION,naive_retrieval,50,False,False,True,False,True,True,False,True,0.66,323,False,False,False,False,False,False,False
sc_42_0081_distractor_hallucination,DISTRACTOR_HALLUCINATION,raymember,50,True,True,False,False,False,False,True,True,901.20,193,False,False,False,False,False,False,False
sc_42_0081_distractor_hallucination,DISTRACTOR_HALLUCINATION,raymember_grounded,50,True,True,False,False,False,False,True,True,970.27,18,True,True,False,False,False,False,False
sc_42_0082_temporal_hallucination,TEMPORAL_HALLUCINATION,baseline,1,True,True,False,False,False,False,True,True,0.04,92,False,False,False,False,False,False,False
sc_42_0082_temporal_hallucination,TEMPORAL_HALLUCINATION,full_context,1,False,False,True,False,True,True,False,True,0.03,138,False,False,False,False,False,False,False
sc_42_0082_temporal_hallucination,TEMPORAL_HALLUCINATION,naive_retrieval,1,False,False,True,False,True,True,False,True,0.06,139,False,False,False,False,False,False,False
sc_42_0082_temporal_hallucination,TEMPORAL_HALLUCINATION,raymember,1,False,False,True,False,True,True,False,True,185.66,202,False,False,False,False,False,False,False
sc_42_0082_temporal_hallucination,TEMPORAL_HALLUCINATION,raymember_grounded,1,True,True,False,False,False,False,True,True,207.88,21,True,True,False,False,False,False,True
sc_42_0083_entity_confusion,ENTITY_CONFUSION,baseline,2,False,False,True,True,False,False,False,False,0.01,83,False,False,False,False,False,False,False
sc_42_0083_entity_confusion,ENTITY_CONFUSION,full_context,2,True,True,False,False,False,False,False,False,0.06,166,False,False,False,False,False,True,False
sc_42_0083_entity_confusion,ENTITY_CONFUSION,naive_retrieval,2,True,True,False,False,False,False,False,False,0.08,167,False,False,False,False,False,True,False
sc_42_0083_entity_confusion,ENTITY_CONFUSION,raymember,2,True,True,False,False,False,False,False,False,206.71,182,False,False,False,False,False,True,False
sc_42_0083_entity_confusion,ENTITY_CONFUSION,raymember_grounded,2,True,True,False,False,False,False,False,True,248.65,11,True,True,False,False,False,True,False
sc_42_0084_false_premise,FALSE_PREMISE,baseline,2,False,False,True,False,True,False,False,True,0.01,87,False,False,False,False,False,False,False
sc_42_0084_false_premise,FALSE_PREMISE,full_context,2,False,False,True,False,True,True,False,True,0.04,171,False,False,False,False,False,False,False
sc_42_0084_false_premise,FALSE_PREMISE,naive_retrieval,2,False,False,True,False,True,True,False,True,0.07,172,False,False,False,False,False,False,False
sc_42_0084_false_premise,FALSE_PREMISE,raymember,2,False,False,True,False,True,True,False,True,211.02,222,False,False,False,False,False,False,False
sc_42_0084_false_premise,FALSE_PREMISE,raymember_grounded,2,True,True,False,False,False,False,False,True,226.57,16,True,True,False,False,True,False,False
sc_42_0085_current_state,CURRENT_STATE,baseline,2,False,False,True,True,False,False,False,False,0.01,85,False,False,False,False,False,False,False
sc_42_0085_current_state,CURRENT_STATE,full_context,2,False,False,True,True,True,True,False,False,0.06,171,False,False,False,False,False,False,False
sc_42_0085_current_state,CURRENT_STATE,naive_retrieval,2,False,False,True,True,True,True,False,False,0.11,172,False,False,False,False,False,False,False
sc_42_0085_current_state,CURRENT_STATE,raymember,2,False,False,True,True,False,True,False,False,211.97,221,False,False,False,False,False,False,False
sc_42_0085_current_state,CURRENT_STATE,raymember_grounded,2,False,False,True,True,True,True,False,True,219.30,13,True,True,False,False,False,False,False
sc_42_0086_conflict_resolution,CONFLICT_RESOLUTION,baseline,2,False,False,True,True,False,False,False,False,0.01,93,False,False,False,False,False,False,False
sc_42_0086_conflict_resolution,CONFLICT_RESOLUTION,full_context,2,True,True,False,False,False,False,False,True,0.07,182,False,False,False,False,False,False,False
sc_42_0086_conflict_resolution,CONFLICT_RESOLUTION,naive_retrieval,2,True,True,False,False,False,False,False,True,0.12,183,False,False,False,False,False,False,False
sc_42_0086_conflict_resolution,CONFLICT_RESOLUTION,raymember,2,True,True,False,False,False,False,False,True,208.00,275,False,False,False,False,False,False,False
sc_42_0086_conflict_resolution,CONFLICT_RESOLUTION,raymember_grounded,2,True,True,False,False,False,False,False,True,209.26,21,True,True,False,False,False,False,False
sc_42_0087_temporal_reasoning,TEMPORAL_REASONING,baseline,3,False,False,True,True,False,False,False,True,0.01,87,False,False,False,False,False,False,False
sc_42_0087_temporal_reasoning,TEMPORAL_REASONING,full_context,3,True,True,False,False,False,False,False,True,0.05,207,False,False,False,False,False,False,False
sc_42_0087_temporal_reasoning,TEMPORAL_REASONING,naive_retrieval,3,True,True,False,False,False,False,False,True,0.10,208,False,False,False,False,False,False,False
sc_42_0087_temporal_reasoning,TEMPORAL_REASONING,raymember,3,True,True,False,False,False,False,False,True,220.86,250,False,False,False,False,False,False,False
sc_42_0087_temporal_reasoning,TEMPORAL_REASONING,raymember_grounded,3,False,False,True,True,True,True,False,True,227.93,16,True,True,False,False,False,False,False
sc_42_0088_distractor_resistance,DISTRACTOR_RESISTANCE,baseline,250,False,False,True,True,False,False,False,False,0.01,83,False,False,False,False,False,False,False
sc_42_0088_distractor_resistance,DISTRACTOR_RESISTANCE,full_context,250,True,True,False,False,False,False,False,False,1.01,9262,False,False,False,False,False,False,False
sc_42_0088_distractor_resistance,DISTRACTOR_RESISTANCE,naive_retrieval,250,True,True,False,False,False,False,False,False,2.61,279,False,False,False,False,False,False,False
sc_42_0088_distractor_resistance,DISTRACTOR_RESISTANCE,raymember,250,True,True,False,False,False,False,False,False,4186.54,216,False,False,False,False,False,False,False
sc_42_0088_distractor_resistance,DISTRACTOR_RESISTANCE,raymember_grounded,250,True,True,False,False,False,False,False,True,4164.17,12,True,True,False,False,False,False,False
sc_42_0089_cross_session_persistence,CROSS_SESSION_PERSISTENCE,baseline,1,False,False,True,True,False,False,False,False,0.01,90,False,False,False,False,False,False,False
sc_42_0089_cross_session_persistence,CROSS_SESSION_PERSISTENCE,full_context,1,False,False,True,True,False,True,False,False,0.04,136,False,False,False,False,False,False,False
sc_42_0089_cross_session_persistence,CROSS_SESSION_PERSISTENCE,naive_retrieval,1,False,False,True,True,False,True,False,False,0.05,137,False,False,False,False,False,False,False
sc_42_0089_cross_session_persistence,CROSS_SESSION_PERSISTENCE,raymember,1,False,False,True,True,False,True,False,False,221.53,197,False,False,False,False,False,False,False
sc_42_0089_cross_session_persistence,CROSS_SESSION_PERSISTENCE,raymember_grounded,1,False,False,True,True,True,True,False,True,275.65,18,True,True,False,False,False,False,False
sc_42_0090_missing_info,MISSING_INFO,baseline,1,True,True,False,False,False,False,True,True,0.01,89,False,False,False,False,False,False,False
sc_42_0090_missing_info,MISSING_INFO,full_context,1,False,False,True,False,True,True,False,True,0.04,134,False,False,False,False,False,False,False
sc_42_0090_missing_info,MISSING_INFO,naive_retrieval,1,False,False,True,False,True,True,False,True,0.06,135,False,False,False,False,False,False,False
sc_42_0090_missing_info,MISSING_INFO,raymember,1,False,False,True,False,True,True,False,True,200.36,194,False,False,False,False,False,False,False
sc_42_0090_missing_info,MISSING_INFO,raymember_grounded,1,True,True,False,False,False,False,True,True,198.36,18,True,True,False,False,False,False,False
sc_42_0091_contradictory_evidence,CONTRADICTORY_EVIDENCE,baseline,2,False,False,True,True,False,False,False,False,0.01,94,False,False,False,False,False,False,False
sc_42_0091_contradictory_evidence,CONTRADICTORY_EVIDENCE,full_context,2,False,False,True,True,True,True,False,True,0.07,180,False,False,False,False,False,False,False
sc_42_0091_contradictory_evidence,CONTRADICTORY_EVIDENCE,naive_retrieval,2,False,False,True,True,True,True,False,True,0.11,181,False,False,False,False,False,False,False
sc_42_0091_contradictory_evidence,CONTRADICTORY_EVIDENCE,raymember,2,False,False,True,True,True,True,False,True,203.62,242,False,False,False,False,False,False,False
sc_42_0091_contradictory_evidence,CONTRADICTORY_EVIDENCE,raymember_grounded,2,False,False,True,True,True,True,False,False,211.49,23,True,True,False,False,False,False,False
sc_42_0092_uncertain_evidence,UNCERTAIN_EVIDENCE,baseline,2,True,True,False,False,False,False,True,True,0.01,83,False,False,False,False,False,False,False
sc_42_0092_uncertain_evidence,UNCERTAIN_EVIDENCE,full_context,2,False,False,True,False,True,True,False,True,0.04,165,False,False,False,False,False,False,False
sc_42_0092_uncertain_evidence,UNCERTAIN_EVIDENCE,naive_retrieval,2,False,False,True,False,True,True,False,True,0.09,166,False,False,False,False,False,False,False
sc_42_0092_uncertain_evidence,UNCERTAIN_EVIDENCE,raymember,2,True,True,False,False,False,False,True,True,210.97,212,False,False,False,False,False,False,False
sc_42_0092_uncertain_evidence,UNCERTAIN_EVIDENCE,raymember_grounded,2,False,False,True,False,True,False,False,True,252.84,11,True,True,False,False,False,False,False
sc_42_0093_distractor_hallucination,DISTRACTOR_HALLUCINATION,baseline,250,True,True,False,False,False,False,True,True,0.01,90,False,False,False,False,False,False,False
sc_42_0093_distractor_hallucination,DISTRACTOR_HALLUCINATION,full_context,250,False,False,True,False,True,True,False,True,0.97,11837,False,False,False,False,False,False,False
sc_42_0093_distractor_hallucination,DISTRACTOR_HALLUCINATION,naive_retrieval,250,False,False,True,False,True,True,False,True,3.24,323,False,False,False,False,False,False,False
sc_42_0093_distractor_hallucination,DISTRACTOR_HALLUCINATION,raymember,250,True,True,False,False,False,False,True,True,4291.92,193,False,False,False,False,False,False,False
sc_42_0093_distractor_hallucination,DISTRACTOR_HALLUCINATION,raymember_grounded,250,True,True,False,False,False,False,True,True,4427.53,18,True,True,False,False,False,False,False
sc_42_0094_temporal_hallucination,TEMPORAL_HALLUCINATION,baseline,1,True,True,False,False,False,False,True,True,0.04,92,False,False,False,False,False,False,False
sc_42_0094_temporal_hallucination,TEMPORAL_HALLUCINATION,full_context,1,False,False,True,False,True,True,False,True,0.03,138,False,False,False,False,False,False,False
sc_42_0094_temporal_hallucination,TEMPORAL_HALLUCINATION,naive_retrieval,1,False,False,True,False,True,True,False,True,0.06,139,False,False,False,False,False,False,False
sc_42_0094_temporal_hallucination,TEMPORAL_HALLUCINATION,raymember,1,False,False,True,False,True,True,False,True,190.89,202,False,False,False,False,False,False,False
sc_42_0094_temporal_hallucination,TEMPORAL_HALLUCINATION,raymember_grounded,1,True,True,False,False,False,False,True,True,201.60,21,True,True,False,False,False,False,True
sc_42_0095_entity_confusion,ENTITY_CONFUSION,baseline,2,False,False,True,True,False,False,False,False,0.01,83,False,False,False,False,False,False,False
sc_42_0095_entity_confusion,ENTITY_CONFUSION,full_context,2,True,True,False,False,False,False,False,False,0.05,166,False,False,False,False,False,True,False
sc_42_0095_entity_confusion,ENTITY_CONFUSION,naive_retrieval,2,True,True,False,False,False,False,False,False,0.10,167,False,False,False,False,False,True,False
sc_42_0095_entity_confusion,ENTITY_CONFUSION,raymember,2,True,True,False,False,False,False,False,False,206.24,182,False,False,False,False,False,True,False
sc_42_0095_entity_confusion,ENTITY_CONFUSION,raymember_grounded,2,True,True,False,False,False,False,False,True,214.10,11,True,True,False,False,False,True,False
sc_42_0096_false_premise,FALSE_PREMISE,baseline,2,False,False,True,False,True,False,False,True,0.01,87,False,False,False,False,False,False,False
sc_42_0096_false_premise,FALSE_PREMISE,full_context,2,False,False,True,False,True,True,False,True,0.04,171,False,False,False,False,False,False,False
sc_42_0096_false_premise,FALSE_PREMISE,naive_retrieval,2,False,False,True,False,True,True,False,True,0.06,172,False,False,False,False,False,False,False
sc_42_0096_false_premise,FALSE_PREMISE,raymember,2,False,False,True,False,True,True,False,True,210.73,222,False,False,False,False,False,False,False
sc_42_0096_false_premise,FALSE_PREMISE,raymember_grounded,2,True,True,False,False,False,False,False,True,257.30,16,True,True,False,False,True,False,False
sc_42_0097_current_state,CURRENT_STATE,baseline,2,False,False,True,True,False,False,False,False,0.01,85,False,False,False,False,False,False,False
sc_42_0097_current_state,CURRENT_STATE,full_context,2,False,False,True,True,True,True,False,False,0.08,168,False,False,False,False,False,False,False
sc_42_0097_current_state,CURRENT_STATE,naive_retrieval,2,False,False,True,True,True,True,False,False,0.10,169,False,False,False,False,False,False,False
sc_42_0097_current_state,CURRENT_STATE,raymember,2,False,False,True,True,True,True,False,False,205.67,216,False,False,False,False,False,False,False
sc_42_0097_current_state,CURRENT_STATE,raymember_grounded,2,False,False,True,True,True,True,False,True,237.80,13,True,True,False,False,False,False,False
sc_42_0098_conflict_resolution,CONFLICT_RESOLUTION,baseline,2,False,False,True,True,False,False,False,False,0.01,93,False,False,False,False,False,False,False
sc_42_0098_conflict_resolution,CONFLICT_RESOLUTION,full_context,2,True,True,False,False,False,False,False,True,0.09,182,False,False,False,False,False,False,False
sc_42_0098_conflict_resolution,CONFLICT_RESOLUTION,naive_retrieval,2,True,True,False,False,False,False,False,True,0.13,183,False,False,False,False,False,False,False
sc_42_0098_conflict_resolution,CONFLICT_RESOLUTION,raymember,2,True,True,False,False,False,False,False,True,209.40,275,False,False,False,False,False,False,False
sc_42_0098_conflict_resolution,CONFLICT_RESOLUTION,raymember_grounded,2,True,True,False,False,False,False,False,True,227.19,21,True,True,False,False,False,False,False
sc_42_0099_temporal_reasoning,TEMPORAL_REASONING,baseline,3,False,False,True,True,False,False,False,True,0.01,88,False,False,False,False,False,False,False
sc_42_0099_temporal_reasoning,TEMPORAL_REASONING,full_context,3,True,True,False,False,False,False,False,True,0.06,211,False,False,False,False,False,False,False
sc_42_0099_temporal_reasoning,TEMPORAL_REASONING,naive_retrieval,3,True,True,False,False,False,False,False,True,0.12,212,False,False,False,False,False,False,False
sc_42_0099_temporal_reasoning,TEMPORAL_REASONING,raymember,3,True,True,False,False,False,False,False,True,222.55,256,False,False,False,False,False,False,False
sc_42_0099_temporal_reasoning,TEMPORAL_REASONING,raymember_grounded,3,False,False,True,True,True,True,False,True,225.51,17,True,True,False,False,False,False,False
sc_42_0100_distractor_resistance,DISTRACTOR_RESISTANCE,baseline,1000,False,False,True,True,False,False,False,False,0.01,83,False,False,False,False,False,False,False
sc_42_0100_distractor_resistance,DISTRACTOR_RESISTANCE,full_context,1000,True,True,False,False,False,False,False,False,3.61,36733,False,False,False,False,False,False,False
sc_42_0100_distractor_resistance,DISTRACTOR_RESISTANCE,naive_retrieval,1000,True,True,False,False,False,False,False,False,9.93,279,False,False,False,False,False,False,False
sc_42_0100_distractor_resistance,DISTRACTOR_RESISTANCE,raymember,1000,True,True,False,False,False,False,False,False,17323.22,216,False,False,False,False,False,False,False
sc_42_0100_distractor_resistance,DISTRACTOR_RESISTANCE,raymember_grounded,1000,True,True,False,False,False,False,False,True,18500.33,12,True,True,False,False,False,False,False
sc_42_0101_cross_session_persistence,CROSS_SESSION_PERSISTENCE,baseline,1,False,False,True,True,False,False,False,False,0.01,90,False,False,False,False,False,False,False
sc_42_0101_cross_session_persistence,CROSS_SESSION_PERSISTENCE,full_context,1,False,False,True,True,False,True,False,False,0.05,136,False,False,False,False,False,False,False
sc_42_0101_cross_session_persistence,CROSS_SESSION_PERSISTENCE,naive_retrieval,1,False,False,True,True,False,True,False,False,0.06,137,False,False,False,False,False,False,False
sc_42_0101_cross_session_persistence,CROSS_SESSION_PERSISTENCE,raymember,1,False,False,True,True,False,True,False,False,222.25,197,False,False,False,False,False,False,False
sc_42_0101_cross_session_persistence,CROSS_SESSION_PERSISTENCE,raymember_grounded,1,False,False,True,True,True,True,False,True,230.57,18,True,True,False,False,False,False,False
sc_42_0102_missing_info,MISSING_INFO,baseline,1,True,True,False,False,False,False,True,True,0.01,89,False,False,False,False,False,False,False
sc_42_0102_missing_info,MISSING_INFO,full_context,1,False,False,True,False,True,True,False,True,0.03,134,False,False,False,False,False,False,False
sc_42_0102_missing_info,MISSING_INFO,naive_retrieval,1,False,False,True,False,True,True,False,True,0.04,135,False,False,False,False,False,False,False
sc_42_0102_missing_info,MISSING_INFO,raymember,1,False,False,True,False,True,True,False,True,194.02,194,False,False,False,False,False,False,False
sc_42_0102_missing_info,MISSING_INFO,raymember_grounded,1,True,True,False,False,False,False,True,True,197.97,18,True,True,False,False,False,False,False
sc_42_0103_contradictory_evidence,CONTRADICTORY_EVIDENCE,baseline,2,False,False,True,True,False,False,False,False,0.01,94,False,False,False,False,False,False,False
sc_42_0103_contradictory_evidence,CONTRADICTORY_EVIDENCE,full_context,2,False,False,True,True,True,True,False,True,0.05,180,False,False,False,False,False,False,False
sc_42_0103_contradictory_evidence,CONTRADICTORY_EVIDENCE,naive_retrieval,2,False,False,True,True,True,True,False,True,0.07,181,False,False,False,False,False,False,False
sc_42_0103_contradictory_evidence,CONTRADICTORY_EVIDENCE,raymember,2,False,False,True,True,True,True,False,True,208.30,242,False,False,False,False,False,False,False
sc_42_0103_contradictory_evidence,CONTRADICTORY_EVIDENCE,raymember_grounded,2,False,False,True,True,True,True,False,False,217.48,23,True,True,False,False,False,False,False
sc_42_0104_uncertain_evidence,UNCERTAIN_EVIDENCE,baseline,2,True,True,False,False,False,False,True,True,0.01,83,False,False,False,False,False,False,False
sc_42_0104_uncertain_evidence,UNCERTAIN_EVIDENCE,full_context,2,False,False,True,False,True,True,False,True,0.08,165,False,False,False,False,False,False,False
sc_42_0104_uncertain_evidence,UNCERTAIN_EVIDENCE,naive_retrieval,2,False,False,True,False,True,True,False,True,0.13,166,False,False,False,False,False,False,False
sc_42_0104_uncertain_evidence,UNCERTAIN_EVIDENCE,raymember,2,True,True,False,False,False,False,True,True,220.10,212,False,False,False,False,False,False,False
sc_42_0104_uncertain_evidence,UNCERTAIN_EVIDENCE,raymember_grounded,2,False,False,True,False,True,False,False,True,222.83,11,True,True,False,False,False,False,False
sc_42_0105_distractor_hallucination,DISTRACTOR_HALLUCINATION,baseline,1000,True,True,False,False,False,False,True,True,0.01,90,False,False,False,False,False,False,False
sc_42_0105_distractor_hallucination,DISTRACTOR_HALLUCINATION,full_context,1000,False,False,True,False,True,True,False,True,4.78,47087,False,False,False,False,False,False,False
sc_42_0105_distractor_hallucination,DISTRACTOR_HALLUCINATION,naive_retrieval,1000,False,False,True,False,True,True,False,True,13.31,323,False,False,False,False,False,False,False
sc_42_0105_distractor_hallucination,DISTRACTOR_HALLUCINATION,raymember,1000,True,True,False,False,False,False,True,True,17528.43,193,False,False,False,False,False,False,False
sc_42_0105_distractor_hallucination,DISTRACTOR_HALLUCINATION,raymember_grounded,1000,True,True,False,False,False,False,True,True,17526.06,18,True,True,False,False,False,False,False
sc_42_0106_temporal_hallucination,TEMPORAL_HALLUCINATION,baseline,1,True,True,False,False,False,False,True,True,0.03,92,False,False,False,False,False,False,False
sc_42_0106_temporal_hallucination,TEMPORAL_HALLUCINATION,full_context,1,False,False,True,False,True,True,False,True,0.02,138,False,False,False,False,False,False,False
sc_42_0106_temporal_hallucination,TEMPORAL_HALLUCINATION,naive_retrieval,1,False,False,True,False,True,True,False,True,0.06,139,False,False,False,False,False,False,False
sc_42_0106_temporal_hallucination,TEMPORAL_HALLUCINATION,raymember,1,False,False,True,False,True,True,False,True,179.87,202,False,False,False,False,False,False,False
sc_42_0106_temporal_hallucination,TEMPORAL_HALLUCINATION,raymember_grounded,1,True,True,False,False,False,False,True,True,204.73,21,True,True,False,False,False,False,True
sc_42_0107_entity_confusion,ENTITY_CONFUSION,baseline,2,False,False,True,True,False,False,False,False,0.01,83,False,False,False,False,False,False,False
sc_42_0107_entity_confusion,ENTITY_CONFUSION,full_context,2,True,True,False,False,False,False,False,False,0.04,166,False,False,False,False,False,True,False
sc_42_0107_entity_confusion,ENTITY_CONFUSION,naive_retrieval,2,True,True,False,False,False,False,False,False,0.07,167,False,False,False,False,False,True,False
sc_42_0107_entity_confusion,ENTITY_CONFUSION,raymember,2,True,True,False,False,False,False,False,False,216.13,182,False,False,False,False,False,True,False
sc_42_0107_entity_confusion,ENTITY_CONFUSION,raymember_grounded,2,True,True,False,False,False,False,False,True,219.55,11,True,True,False,False,False,True,False
sc_42_0108_false_premise,FALSE_PREMISE,baseline,2,False,False,True,False,True,False,False,True,0.01,87,False,False,False,False,False,False,False
sc_42_0108_false_premise,FALSE_PREMISE,full_context,2,False,False,True,False,True,True,False,True,0.05,171,False,False,False,False,False,False,False
sc_42_0108_false_premise,FALSE_PREMISE,naive_retrieval,2,False,False,True,False,True,True,False,True,0.10,172,False,False,False,False,False,False,False
sc_42_0108_false_premise,FALSE_PREMISE,raymember,2,False,False,True,False,True,True,False,True,210.50,222,False,False,False,False,False,False,False
sc_42_0108_false_premise,FALSE_PREMISE,raymember_grounded,2,True,True,False,False,False,False,False,True,209.75,16,True,True,False,False,True,False,False
sc_42_0109_current_state,CURRENT_STATE,baseline,2,False,False,True,True,False,False,False,False,0.01,85,False,False,False,False,False,False,False
sc_42_0109_current_state,CURRENT_STATE,full_context,2,False,False,True,True,True,True,False,False,0.04,171,False,False,False,False,False,False,False
sc_42_0109_current_state,CURRENT_STATE,naive_retrieval,2,False,False,True,True,True,True,False,False,0.08,172,False,False,False,False,False,False,False
sc_42_0109_current_state,CURRENT_STATE,raymember,2,False,False,True,True,False,True,False,False,209.69,221,False,False,False,False,False,False,False
sc_42_0109_current_state,CURRENT_STATE,raymember_grounded,2,False,False,True,True,True,True,False,True,361.80,13,True,True,False,False,False,False,False
sc_42_0110_conflict_resolution,CONFLICT_RESOLUTION,baseline,2,False,False,True,True,False,False,False,False,0.01,93,False,False,False,False,False,False,False
sc_42_0110_conflict_resolution,CONFLICT_RESOLUTION,full_context,2,True,True,False,False,False,False,False,True,0.08,182,False,False,False,False,False,False,False
sc_42_0110_conflict_resolution,CONFLICT_RESOLUTION,naive_retrieval,2,True,True,False,False,False,False,False,True,0.11,183,False,False,False,False,False,False,False
sc_42_0110_conflict_resolution,CONFLICT_RESOLUTION,raymember,2,True,True,False,False,False,False,False,True,208.27,275,False,False,False,False,False,False,False
sc_42_0110_conflict_resolution,CONFLICT_RESOLUTION,raymember_grounded,2,True,True,False,False,False,False,False,True,213.37,21,True,True,False,False,False,False,False
sc_42_0111_temporal_reasoning,TEMPORAL_REASONING,baseline,3,False,False,True,True,False,False,False,True,0.01,87,False,False,False,False,False,False,False
sc_42_0111_temporal_reasoning,TEMPORAL_REASONING,full_context,3,True,True,False,False,False,False,False,True,0.04,207,False,False,False,False,False,False,False
sc_42_0111_temporal_reasoning,TEMPORAL_REASONING,naive_retrieval,3,True,True,False,False,False,False,False,True,0.14,208,False,False,False,False,False,False,False
sc_42_0111_temporal_reasoning,TEMPORAL_REASONING,raymember,3,True,True,False,False,False,False,False,True,221.94,250,False,False,False,False,False,False,False
sc_42_0111_temporal_reasoning,TEMPORAL_REASONING,raymember_grounded,3,False,False,True,True,True,True,False,True,266.79,16,True,True,False,False,False,False,False
sc_42_0112_distractor_resistance,DISTRACTOR_RESISTANCE,baseline,100,False,False,True,True,False,False,False,False,0.01,83,False,False,False,False,False,False,False
sc_42_0112_distractor_resistance,DISTRACTOR_RESISTANCE,full_context,100,True,True,False,False,False,False,False,False,0.47,3839,False,False,False,False,False,False,False
sc_42_0112_distractor_resistance,DISTRACTOR_RESISTANCE,naive_retrieval,100,True,True,False,False,False,False,False,False,1.41,279,False,False,False,False,False,False,False
sc_42_0112_distractor_resistance,DISTRACTOR_RESISTANCE,raymember,100,True,True,False,False,False,False,False,False,1752.94,216,False,False,False,False,False,False,False
sc_42_0112_distractor_resistance,DISTRACTOR_RESISTANCE,raymember_grounded,100,True,True,False,False,False,False,False,True,1732.66,12,True,True,False,False,False,False,False
sc_42_0113_cross_session_persistence,CROSS_SESSION_PERSISTENCE,baseline,1,False,False,True,True,False,False,False,False,0.01,90,False,False,False,False,False,False,False
sc_42_0113_cross_session_persistence,CROSS_SESSION_PERSISTENCE,full_context,1,False,False,True,True,False,True,False,False,0.03,136,False,False,False,False,False,False,False
sc_42_0113_cross_session_persistence,CROSS_SESSION_PERSISTENCE,naive_retrieval,1,False,False,True,True,False,True,False,False,0.05,137,False,False,False,False,False,False,False
sc_42_0113_cross_session_persistence,CROSS_SESSION_PERSISTENCE,raymember,1,False,False,True,True,False,True,False,False,209.12,197,False,False,False,False,False,False,False
sc_42_0113_cross_session_persistence,CROSS_SESSION_PERSISTENCE,raymember_grounded,1,False,False,True,True,True,True,False,True,254.52,18,True,True,False,False,False,False,False
sc_42_0114_missing_info,MISSING_INFO,baseline,1,True,True,False,False,False,False,True,True,0.01,89,False,False,False,False,False,False,False
sc_42_0114_missing_info,MISSING_INFO,full_context,1,False,False,True,False,True,True,False,True,0.06,134,False,False,False,False,False,False,False
sc_42_0114_missing_info,MISSING_INFO,naive_retrieval,1,False,False,True,False,True,True,False,True,0.11,135,False,False,False,False,False,False,False
sc_42_0114_missing_info,MISSING_INFO,raymember,1,False,False,True,False,True,True,False,True,188.81,194,False,False,False,False,False,False,False
sc_42_0114_missing_info,MISSING_INFO,raymember_grounded,1,True,True,False,False,False,False,True,True,204.94,18,True,True,False,False,False,False,False
sc_42_0115_contradictory_evidence,CONTRADICTORY_EVIDENCE,baseline,2,False,False,True,True,False,False,False,False,0.01,94,False,False,False,False,False,False,False
sc_42_0115_contradictory_evidence,CONTRADICTORY_EVIDENCE,full_context,2,False,False,True,True,True,True,False,True,0.05,180,False,False,False,False,False,False,False
sc_42_0115_contradictory_evidence,CONTRADICTORY_EVIDENCE,naive_retrieval,2,False,False,True,True,True,True,False,True,0.07,181,False,False,False,False,False,False,False
sc_42_0115_contradictory_evidence,CONTRADICTORY_EVIDENCE,raymember,2,False,False,True,True,True,True,False,True,203.52,242,False,False,False,False,False,False,False
sc_42_0115_contradictory_evidence,CONTRADICTORY_EVIDENCE,raymember_grounded,2,False,False,True,True,True,True,False,False,212.97,23,True,True,False,False,False,False,False
sc_42_0116_uncertain_evidence,UNCERTAIN_EVIDENCE,baseline,2,True,True,False,False,False,False,True,True,0.01,83,False,False,False,False,False,False,False
sc_42_0116_uncertain_evidence,UNCERTAIN_EVIDENCE,full_context,2,False,False,True,False,True,True,False,True,0.04,165,False,False,False,False,False,False,False
sc_42_0116_uncertain_evidence,UNCERTAIN_EVIDENCE,naive_retrieval,2,False,False,True,False,True,True,False,True,0.06,166,False,False,False,False,False,False,False
sc_42_0116_uncertain_evidence,UNCERTAIN_EVIDENCE,raymember,2,True,True,False,False,False,False,True,True,203.98,212,False,False,False,False,False,False,False
sc_42_0116_uncertain_evidence,UNCERTAIN_EVIDENCE,raymember_grounded,2,False,False,True,False,True,False,False,True,218.73,11,True,True,False,False,False,False,False
sc_42_0117_distractor_hallucination,DISTRACTOR_HALLUCINATION,baseline,100,True,True,False,False,False,False,True,True,0.01,90,False,False,False,False,False,False,False
sc_42_0117_distractor_hallucination,DISTRACTOR_HALLUCINATION,full_context,100,False,False,True,False,True,True,False,True,0.41,4787,False,False,False,False,False,False,False
sc_42_0117_distractor_hallucination,DISTRACTOR_HALLUCINATION,naive_retrieval,100,False,False,True,False,True,True,False,True,1.23,323,False,False,False,False,False,False,False
sc_42_0117_distractor_hallucination,DISTRACTOR_HALLUCINATION,raymember,100,True,True,False,False,False,False,True,True,1740.36,193,False,False,False,False,False,False,False
sc_42_0117_distractor_hallucination,DISTRACTOR_HALLUCINATION,raymember_grounded,100,True,True,False,False,False,False,True,True,1761.95,18,True,True,False,False,False,False,False
sc_42_0118_temporal_hallucination,TEMPORAL_HALLUCINATION,baseline,1,True,True,False,False,False,False,True,True,0.03,92,False,False,False,False,False,False,False
sc_42_0118_temporal_hallucination,TEMPORAL_HALLUCINATION,full_context,1,False,False,True,False,True,True,False,True,0.02,138,False,False,False,False,False,False,False
sc_42_0118_temporal_hallucination,TEMPORAL_HALLUCINATION,naive_retrieval,1,False,False,True,False,True,True,False,True,0.04,139,False,False,False,False,False,False,False
sc_42_0118_temporal_hallucination,TEMPORAL_HALLUCINATION,raymember,1,False,False,True,False,True,True,False,True,189.52,202,False,False,False,False,False,False,False
sc_42_0118_temporal_hallucination,TEMPORAL_HALLUCINATION,raymember_grounded,1,True,True,False,False,False,False,True,True,195.69,21,True,True,False,False,False,False,True
sc_42_0119_entity_confusion,ENTITY_CONFUSION,baseline,2,False,False,True,True,False,False,False,False,0.01,83,False,False,False,False,False,False,False
sc_42_0119_entity_confusion,ENTITY_CONFUSION,full_context,2,True,True,False,False,False,False,False,False,0.04,166,False,False,False,False,False,True,False
sc_42_0119_entity_confusion,ENTITY_CONFUSION,naive_retrieval,2,True,True,False,False,False,False,False,False,0.06,167,False,False,False,False,False,True,False
sc_42_0119_entity_confusion,ENTITY_CONFUSION,raymember,2,True,True,False,False,False,False,False,False,214.19,182,False,False,False,False,False,True,False
sc_42_0119_entity_confusion,ENTITY_CONFUSION,raymember_grounded,2,True,True,False,False,False,False,False,True,213.52,11,True,True,False,False,False,True,False
sc_42_0120_false_premise,FALSE_PREMISE,baseline,2,False,False,True,False,True,False,False,True,0.01,87,False,False,False,False,False,False,False
sc_42_0120_false_premise,FALSE_PREMISE,full_context,2,False,False,True,False,True,True,False,True,0.04,171,False,False,False,False,False,False,False
sc_42_0120_false_premise,FALSE_PREMISE,naive_retrieval,2,False,False,True,False,True,True,False,True,0.07,172,False,False,False,False,False,False,False
sc_42_0120_false_premise,FALSE_PREMISE,raymember,2,False,False,True,False,True,True,False,True,213.85,222,False,False,False,False,False,False,False
sc_42_0120_false_premise,FALSE_PREMISE,raymember_grounded,2,True,True,False,False,False,False,False,True,232.79,16,True,True,False,False,True,False,False
